{
  "agent_id": "agent_0",
  "action_size": 5,
  "state_size": 6,
  "epsilon": 0.43952667968844233,
  "q_table": {
    "(1,3,2,4)": [
      0.5611211146938956,
      1.458045272689157,
      0.3287955370501728,
      0.2962725690114123,
      0.3662774694191036
    ],
    "(0,3,1,4)": [
      0.286556883360723,
      1.0159111003932613,
      0.46663670913766553,
      0.28635814769644136,
      0.2608521109880445
    ],
    "(0,4,1,4)": [
      0.41460636549497804,
      0.6939513212962007,
      0.4620756352950025,
      0.3115189831480721,
      0.5309834073414759
    ],
    "(0,4,2,4)": [
      0.26919751931158103,
      0.39272695386929013,
      0.15786607737162786,
      1.1072678677098622,
      0.3186712576054055
    ],
    "(0,5,2,4)": [
      0.1996081098545572,
      0.1299966812408546,
      0.3078381070587557,
      0.4745302584030441,
      0.19037016847117985
    ],
    "(0,6,2,4)": [
      0.14354480576625,
      0.12885314197158115,
      0.06916256509765425,
      0.4921095810550666,
      0.18066498343284573
    ],
    "(0,8,2,5)": [
      0.0,
      0.005929432082420133,
      0.0,
      0.00473318455724685,
      0.03734254090450412
    ],
    "(0,7,2,5)": [
      0.0,
      0.0034596079543393367,
      0.13985263386344715,
      0.061545057923976514,
      0.003918067584016252
    ],
    "(0,4,1,3)": [
      0.02238099457431001,
      0.0248987557615844,
      0.18509810680720917,
      0.010480686070881717,
      0.0733928995947107
    ],
    "(0,4,2,3)": [
      0.1333537312771526,
      0.11408687644368413,
      0.12304808004108125,
      0.13269573754524516,
      0.424948597470792
    ],
    "(0,4,3,3)": [
      0.013098978003624109,
      0.012422411915059741,
      0.026791769798880597,
      0.04440137990248613,
      0.15989481915874218
    ],
    "(0,4,3,4)": [
      0.201093471725098,
      0.24157502570520625,
      0.21050679785653403,
      0.7778575119547482,
      0.27949046404265887
    ],
    "(0,5,3,3)": [
      0.0,
      0.10708087636507173,
      0.0,
      0.0,
      0.006630563775380477
    ],
    "(0,6,3,4)": [
      0.08315700545108305,
      0.09231956791116368,
      0.03206684966068678,
      0.051286896427107403,
      0.36813736856832935
    ],
    "(0,5,3,4)": [
      0.17113850956935145,
      0.14787385664587743,
      0.20964149601951032,
      0.5646223224058338,
      0.16705155977237116
    ],
    "(0,6,2,5)": [
      0.09127531271478367,
      0.06418495045318216,
      0.05242042071396422,
      0.062415258895840375,
      0.04564711810133612
    ],
    "(0,6,4,5)": [
      0.012088308717606263,
      0.04220842385916146,
      0.005953617388874255,
      0.05672059646881937,
      0.0
    ],
    "(0,7,4,4)": [
      0.015270865030621621,
      0.006266435777889945,
      0.008978901680994304,
      0.03498819943984551,
      0.007277879583707453
    ],
    "(0,2,1,3)": [
      0.0,
      0.07011794892079928,
      0.15372948733241812,
      0.0,
      0.04165527650287494
    ],
    "(0,5,4,4)": [
      0.039068674045404796,
      0.07262156165561998,
      0.15211863767979095,
      0.024222237026810717,
      0.08613228713739343
    ],
    "(0,4,5,4)": [
      0.060165483404528264,
      0.009355077632831827,
      0.0,
      0.011357279099943248,
      0.012091346974766402
    ],
    "(0,6,5,4)": [
      0.0,
      0.0031406571348000707,
      0.0,
      0.06632084579031536,
      0.018243985406315763
    ],
    "(0,5,5,4)": [
      0.03292923513888488,
      0.05492187765618857,
      0.006945453458200321,
      0.08093945643802228,
      0.02950995303664672
    ],
    "(0,5,1,4)": [
      0.12871356329797654,
      0.08359755201188644,
      0.2969326759941557,
      0.5637154397018248,
      0.1767318555154711
    ],
    "(0,5,1,5)": [
      0.03236236108305356,
      0.13905713036575137,
      0.0,
      0.0,
      0.06665259124387755
    ],
    "(0,6,1,5)": [
      0.0,
      0.0029561566877399715,
      0.04146367298190517,
      0.005446269434512796,
      0.09103046347038833
    ],
    "(0,3,1,3)": [
      0.19917477477567802,
      0.07585013421339185,
      0.24918972700977865,
      0.27860477149897334,
      0.47374523280343445
    ],
    "(0,3,2,4)": [
      0.0890837841206485,
      0.0746542885655127,
      0.3978923566278246,
      0.07820088189169219,
      0.046325757158880175
    ],
    "(0,3,3,4)": [
      0.1685201805706244,
      0.31009588210285094,
      0.294443168824399,
      0.823496018315964,
      0.2759849161225425
    ],
    "(0,4,3,5)": [
      0.022739636872169292,
      0.20359479439408132,
      0.10064250636308947,
      0.12058105486553372,
      0.006911912739497895
    ],
    "(0,5,2,5)": [
      0.052828038156812265,
      0.0,
      0.02432405921339076,
      0.031779154862364906,
      0.1295816809270579
    ],
    "(0,6,3,5)": [
      0.037968279816746386,
      0.09618823034678904,
      0.012650532578901502,
      0.023884020481440955,
      0.0
    ],
    "(1,2,1,4)": [
      0.037870515567841864,
      0.06421826667340323,
      0.03918541396740486,
      0.10005809144596763,
      0.10629814188933397
    ],
    "(0,7,3,4)": [
      0.007900996668859893,
      0.05676417162025042,
      0.09313067271296857,
      0.029923420490933637,
      0.008059000236795774
    ],
    "(0,7,5,5)": [
      0.027508185441673237,
      0.0,
      0.0,
      0.0,
      0.0
    ],
    "(0,2,1,4)": [
      0.1123664209122949,
      0.0,
      0.11300362943535253,
      0.12012025617649963,
      0.16488971549801285
    ],
    "(0,2,3,4)": [
      0.22613261141588697,
      0.03622127190786263,
      0.10505614810409246,
      0.08254914563184906,
      0.0753121079140244
    ],
    "(0,3,3,3)": [
      0.12992495006554727,
      0.06127493522310863,
      0.036995666603214857,
      0.02592871670145809,
      0.047730769608504864
    ],
    "(0,4,4,4)": [
      0.1017547613591168,
      0.05136239720331558,
      0.06993727883470542,
      0.09776492895008287,
      0.34152701747414865
    ],
    "(0,6,5,5)": [
      0.004536895217547734,
      0.0,
      0.0,
      0.0,
      0.0
    ],
    "(0,6,1,4)": [
      0.03517075911902038,
      0.04132652062950636,
      0.06889293510203207,
      0.27173026478483964,
      0.07362876533076307
    ],
    "(0,7,4,5)": [
      0.0,
      0.0,
      0.0,
      0.0,
      0.009229742555083922
    ],
    "(0,8,5,5)": [
      0.0,
      0.0,
      0.0,
      0.0,
      0.0
    ],
    "(0,5,2,3)": [
      0.018961450906491602,
      0.16899153370956385,
      0.015417921998067532,
      0.10842913584134668,
      0.005340966459896573
    ],
    "(0,6,2,3)": [
      0.0,
      0.02563223997175005,
      0.012046092833136218,
      0.09395239336042009,
      0.0
    ],
    "(0,7,2,3)": [
      0.004681099354833407,
      0.0,
      0.017527188328356553,
      0.0,
      0.0
    ],
    "(0,7,2,4)": [
      0.015700986884977754,
      0.004641164034063927,
      0.11697622288640645,
      0.026074922143084954,
      0.003248388765959063
    ],
    "(0,6,4,4)": [
      0.0,
      0.037578525711624754,
      0.02427454432444078,
      0.07130967091038483,
      0.04006795514745993
    ],
    "(0,2,2,4)": [
      0.04108547601714767,
      0.12755937935194556,
      0.052187339068546806,
      0.05934928960411613,
      0.3185429357875111
    ],
    "(0,7,3,5)": [
      0.0,
      0.040635912389822906,
      0.0,
      0.037424441977313636,
      0.018738569516677187
    ],
    "(0,3,4,4)": [
      0.097587353373443,
      0.08753060814552384,
      0.09022581508549765,
      0.37050548861797333,
      0.17199053898810782
    ],
    "(0,5,3,5)": [
      0.018046948684312107,
      0.10538444051832728,
      0.04644939715490176,
      0.014735020808661275,
      0.0303622663358794
    ],
    "(0,4,2,5)": [
      0.005590672491436721,
      0.0,
      0.06187764478023294,
      0.0,
      0.04511888340132932
    ],