{
  "agent_id": "agent_0",
  "action_size": 5,
  "state_size": 6,
  "epsilon": 0.990025,
  "q_table": {
    "(1,3,2,4)": [
      0.009456708706208326,
      0.010060187959406369,
      0.0,
      0.0,
      0.0
    ],
    "(0,3,1,4)": [
      0.0,
      0.017956523018212836,
      0.0,
      0.0,
      0.0
    ],
    "(0,4,1,4)": [
      0.0,
      0.0,
      0.0,
      0.0,
      0.0
    ],
    "(0,4,2,4)": [
      0.005730892124641204,
      0.007344364231693918,
      0.0,
      0.008919933610719213,
      0.014241134178135696
    ],
    "(0,5,2,4)": [
      0.008796347563844523,
      0.0,
      0.0,
      0.0,
      0.0
    ],
    "(0,6,2,4)": [
      0.0030125490874679736,
      0.0,
      0.0,
      0.004936074122927029,
      0.004326481079868965
    ],
    "(0,8,2,5)": [
      0.0,
      0.0,
      0.0,
      0.0,
      0.006261582811244981
    ],
    "(0,7,2,5)": [
      0.0,
      0.0,
      0.00424025414221479,
      0.0,
      0.0
    ],
    "(0,4,1,3)": [
      0.0,
      0.0,
      0.0,
      0.0,
      0.0
    ],
    "(0,4,2,3)": [
      0.0,
      0.0,
      0.0,
      0.008897218120501416,
      0.033902096635949897
    ],
    "(0,4,3,3)": [
      0.0,
      0.0,
      0.0,
      0.0,
      0.007545820316975475
    ],
    "(0,4,3,4)": [
      0.006192548419332583,
      0.0,
      0.0,
      0.0,
      0.0
    ],
    "(0,5,3,3)": [
      0.0,
      0.012051158059903288,
      0.0,
      0.0,
      0.0
    ],
    "(0,6,3,4)": [
      0.0,
      0.0,
      0.0,
      0.0,
      0.0050744351827401845
    ],
    "(0,5,3,4)": [
      0.0,
      0.0,
      0.0,
      0.0,
      0.014138211390871718
    ],
    "(0,6,2,5)": [
      0.0,
      0.0,
      0.0,
      0.0,
      0.0
    ],
    "(0,6,4,5)": [
      0.0,
      0.0023237863792361863,
      0.0,
      0.0,
      0.0
    ],
    "(0,7,4,4)": [
      0.0,
      0.0,
      0.0,
      0.0,
      0.0
    ]
  }
}