{
  "agent_id": "agent_0",
  "action_size": 5,
  "state_size": 6,
  "epsilon": 0.034271518052411715,
  "q_table": {
    "(0,5,3,4)": [
      0.015182125399432858,
      0.06836435646838358,
      -0.03514114522086396,
      0.021376370116491045,
      -0.008728474087266257
    ],
    "(0,4,1,3)": [
      0.0247096790112065,
      0.062282235109179504,
      0.013229487375107356,
      0.004282716525836874,
      0.008331021164482304
    ],
    "(0,4,1,4)": [
      0.006175057227392439,
      0.11097363491041015,
      0.027159684256501313,
      0.006238895537798813,
      0.013703312427760728
    ],
    "(0,5,4,3)": [
      0.0,
      0.023616198129839203,
      -0.0006743501031183321,
      0.0,
      0.0
    ],
    "(0,5,4,4)": [
      0.0010839713747496358,
      0.09220475027463815,
      -0.028245894455054803,
      0.001138432662086793,
      0.0068311307036701616
    ],
    "(0,2,3,4)": [
      0.012009370639101926,
      0.0,
      0.0,
      0.0,
      0.0
    ],
    "(0,4,3,4)": [
      0.013844655942161596,
      0.008480024784503366,
      -0.0061421339132704525,
      0.0,
      0.0
    ],
    "(0,5,5,4)": [
      0.0,
      0.04105171649710074,
      0.0,
      0.0,
      0.0
    ],
    "(0,6,4,5)": [
      0.0009217673135266302,
      0.010632803060815129,
      0.0,
      0.002099757935640076,
      0.0
    ],
    "(0,6,3,4)": [
      0.004149719126119558,
      0.11368996321478624,
      -0.045985926899530793,
      0.019322478136732373,
      0.0024749173713811998
    ],
    "(0,6,4,4)": [
      0.0,
      0.009588715406556907,
      -0.02950838963535032,
      0.0011972920674101224,
      0.00920791196436473
    ],
    "(0,7,4,4)": [
      0.01344405936334192,
      0.05492848533223115,
      -0.06424183895558111,
      0.00901381209953326,
      0.005032485406414704
    ],
    "(0,5,1,4)": [
      -0.2576180354210715,
      0.2814195941883264,
      0.07349849924916887,
      0.009416798321766456,
      0.02069600990157146
    ],
    "(1,3,2,4)": [
      0.44747440498122587,
      0.03418333116581442,
      0.002834066637680446,
      0.015068656266285,
      0.015594447223454582
    ],
    "(0,7,3,4)": [
      0.005147926348976611,
      0.002827599438709814,
      -0.23170265296932527,
      0.024050557175567828,
      0.0074455470429841885
    ],
    "(0,5,2,4)": [
      0.019574611720041157,
      0.09308732082096512,
      -0.010529727709176135,
      0.001807801827478918,
      0.0005397454883489047
    ],
    "(0,6,3,3)": [
      0.0,
      0.031618887066077336,
      -0.015897495439577743,
      0.0,
      0.0
    ],
    "(0,7,4,3)": [
      0.0010936744722173388,
      0.012136945325676347,
      -0.014068706425747302,
      0.013205994408428939,
      0.003245204534319481
    ],
    "(0,4,4,4)": [
      0.0005002577588375711,
      0.010451594338087674,
      0.0,
      0.0,
      0.0
    ],
    "(0,7,4,5)": [
      0.002346665327927366,
      0.012013316196540542,
      -0.010449249419237952,
      0.0007084790566037527,
      0.0
    ],
    "(0,6,5,4)": [
      0.001429886735708016,
      -0.008738513978381964,
      0.0,
      0.0,
      0.0
    ],
    "(0,5,1,3)": [
      -0.19419481444750392,
      0.11295772727302578,
      0.02256809151817661,
      0.006086113267511094,
      0.006959229981476078
    ],
    "(0,6,1,3)": [
      -0.014641621122110036,
      0.12968015030756025,
      0.05073497672279526,
      0.009604061697932799,
      0.0005313727934328586
    ],
    "(0,5,3,3)": [
      0.004913909683369593,
      0.01627794793104185,
      -0.003008927144170663,
      0.003472899948398992,
      0.0
    ],
    "(0,3,1,4)": [
      0.1969048216246148,
      0.03522275382772684,
      0.004046101653692734,
      0.004658606472608078,
      0.007530675810540283
    ],
    "(0,6,1,4)": [
      -0.0324217021494903,
      0.26659160024185097,
      0.14786496270378646,
      0.007148826528814841,
      -0.007248517831110357
    ],
    "(0,7,3,3)": [
      0.0,
      0.0011077717418780742,
      -0.10371963320858182,
      0.005460173020639971,
      0.004448345472810458
    ],
    "(0,8,4,4)": [
      0.004430233590489725,
      0.0005382157999584645,
      -0.008618275077469017,
      0.0,
      0.0013533364773205031
    ],
    "(0,7,5,3)": [
      0.0,
      0.007744735151636622,
      0.0,
      0.0,
      0.0004238316135053845
    ],
    "(0,6,2,3)": [
      0.000651647602126819,
      0.03873265496013088,
      -0.006754076695228895,
      0.0,
      0.0
    ],
    "(0,7,2,3)": [
      0.00242825084568053,
      0.0,
      -0.011616536490173164,
      0.0,
      0.0
    ],
    "(0,6,3,5)": [
      0.0,
      0.00492400469177968,
      -0.003550999972820844,
      0.0,
      0.008004700051879619
    ],
    "(0,6,2,4)": [
      0.009141338578812682,
      0.1182610017434717,
      -0.018761511832867023,
      0.017264160904446605,
      -0.007589653923385581
    ],
    "(1,2,1,4)": [
      0.008962755530875404,
      0.0,
      0.0,
      0.0,
      0.0
    ],
    "(0,7,2,5)": [
      0.0,
      0.0,
      -0.012977868520285376,
      0.0,
      -0.05059032574692312
    ],
    "(0,7,3,5)": [
      0.002627987546164101,
      0.0012154608141782925,
      -0.06082082805111876,
      0.0,
      0.0
    ],
    "(0,7,2,4)": [
      0.010136667465398534,
      0.004630875371109031,
      -0.05500076231201447,
      0.005948748512545745,
      -0.008696902105507774
    ],
    "(0,7,1,4)": [
      -0.0009137550185102311,
      -0.06366259152075561,
      0.11345102781731838,
      0.010511679294936026,
      -0.1319565539653244
    ],
    "(0,8,5,4)": [
      0.0013347108472854126,
      0.0021774325139214705,
      -0.009617567026312529,
      0.0,
      0.0
    ],
    "(0,7,1,3)": [
      0.0016231342036851356,
      0.005509520761689687,
      0.05470213676165443,
      0.002251223160595793,
      -0.03097096308348341
    ],
    "(0,7,5,4)": [
      0.008807410183754303,
      0.01849638627288207,
      -0.019285246419125893,
      0.0,
      0.005465819563410558
    ],
    "(0,3,1,3)": [
      0.1340470394740917,
      0.009622844225842284,
      0.00012897911662460422,
      0.0036070079575774546,
      0.0015750179625778787
    ],
    "(0,8,6,4)": [
      0.0,
      0.0,
      0.0,
      0.0,
      0.0
    ],
    "(0,3,2,4)": [
      0.020193877159479977,
      0.0,
      0.0,
      0.0,
      0.0018389196610125928
    ],
    "(0,8,4,3)": [
      0.0,
      0.0007055497043074574,
      -0.00040966493621223275,
      0.0,
      0.0
    ],
    "(0,6,2,5)": [
      0.0,
      0.005305972611497645,
      -0.0020714567273870397,
      0.0,
      -0.01323352426126346
    ],
    "(0,2,1,4)": [
      0.015427845356720562,
      0.011913146574017361,
      0.0,
      0.0,
      0.0
    ],
    "(0,8,2,4)": [
      0.0,
      0.00040006317542556116,
      -0.00666259930359427,
      0.0010795956161743954,
      -0.0006336498470602592
    ],
    "(0,8,2,3)": [
      0.0,
      0.0,
      -0.0014318857045613016,
      0.0,
      0.0
    ],
    "(0,8,3,3)": [
      0.0,
      0.0,
      -0.003822089540911508,
      0.0,
      0.0
    ],
    "(0,8,1,4)": [
      0.0001440442811435721,
      -0.06038619538321668,
      0.009785244544376641,
      0.0009595850327751856,
      -0.11319869344384355
    ],
    "(0,4,2,4)": [
      0.006210515377137358,
      0.01141946651849136,
      -0.0007024523622240994,
      0.005868290818379555,
      0.00045664244263662245
    ],
    "(0,8,3,4)": [
      0.001388717135864068,
      0.002860687658089555,
      -0.007337838655445859,
      0.0,
      0.0
    ],
    "(0,9,1,4)": [
      0.0,
      0.0,
      0.0005411836835741396,
      0.001076544980050808,
      0.0002355352488925823
    ],
    "(0,7,5,5)": [
      0.0,
      0.005649579722538032,
      0.0,
      0.0,
      0.0
    ],
    "(0,8,4,5)": [
      0.0,
      -6.657723332534888e-05,
      -0.0010586559582900956,
      0.0,
      0.0
    ],
    "(0,6,6,4)": [
      0.0,
      0.0,
      0.0,
      0.0,
      0.0
    ],