{
  "agent_id": "agent_0",
  "action_size": 5,
  "state_size": 6,
  "epsilon": 0.10376060541355137,
  "q_table": {
    "(1,3,2,4)": [
      1.0219639652155117,
      4.078368962136473,
      0.7875860523150652,
      0.6829601669761299,
      0.807186275092749
    ],
    "(0,3,1,4)": [
      0.6739402159702345,
      3.2152030486892467,
      0.7288809278053934,
      0.8563549841359936,
      0.8999637681827519
    ],
    "(0,4,1,4)": [
      0.7850428068851381,
      2.95510750464226,
      0.8836915985013677,
      0.9110427979371063,
      1.092032508689165
    ],
    "(0,4,2,4)": [
      0.6170649454026947,
      0.7835341131741846,
      0.3763876118517953,
      3.0917309455164754,
      0.6057033306061236
    ],
    "(0,5,2,4)": [
      0.4037679305368139,
      0.3905904838044807,
      0.6690594314017436,
      2.0010845365084324,
      0.48583734812027485
    ],
    "(0,6,2,4)": [
      0.27791826107536716,
      0.24094644126619624,
      0.18478845210257505,
      1.423095101792652,
      0.2946858655059021
    ],
    "(0,8,2,5)": [
      0.0038561539462770617,
      0.00888970179111817,
      0.0,
      0.014215629721125545,
      0.05880736356260953
    ],
    "(0,7,2,5)": [
      0.013523801429479187,
      0.019827980500711183,
      0.2566566556067235,
      0.07510677971360964,
      0.027063236412361753
    ],
    "(0,4,1,3)": [
      0.058981990878113774,
      0.09385888900064211,
      0.8157176208009483,
      0.04551962430542923,
      0.12042207629680948
    ],
    "(0,4,2,3)": [
      0.24650577501796478,
      0.22996124263194673,
      0.22699838126931168,
      0.33561351389763505,
      1.4377637278721567
    ],
    "(0,4,3,3)": [
      0.045943520989618944,
      0.0893053771860403,
      0.1428097314293053,
      0.20317301445286662,
      0.5971011135244382
    ],
    "(0,4,3,4)": [
      0.39002021587852387,
      0.5191324937943732,
      0.46036212027321577,
      2.393187337616288,
      0.44716597180692097
    ],
    "(0,5,3,3)": [
      0.0,
      0.24085371891391652,
      0.013648937195490932,
      0.0,
      0.027758146435466903
    ],
    "(0,6,3,4)": [
      0.13060265397620807,
      0.17045162830754743,
      0.08331571141269556,
      0.11155787403746097,
      0.7175493653454511
    ],
    "(0,5,3,4)": [
      0.3310110436637616,
      0.3799448274791027,
      0.33182193986398517,
      1.9610892460803122,
      0.3542018842323559
    ],
    "(0,6,2,5)": [
      0.28631056436884417,
      0.10588259473393738,
      0.07828761553568762,
      0.12648508412445544,
      0.09423013253174577
    ],
    "(0,6,4,5)": [
      0.02208971273270978,
      0.08538927188359413,
      0.014608715108139873,
      0.091215823963255,
      0.0033373155159029445
    ],
    "(0,7,4,4)": [
      0.04182181974659129,
      0.022013632372081218,
      0.019940070603971922,
      0.1269157112408469,
      0.02101280359073917
    ],
    "(0,2,1,3)": [
      0.0,
      0.1258907709476083,
      0.27930293836764325,
      0.021578645750803257,
      0.1033751000557376
    ],
    "(0,5,4,4)": [
      0.06127652688754151,
      0.1422560454083556,
      0.2972261313282249,
      0.08096366984927715,
      0.12394954221650739
    ],
    "(0,4,5,4)": [
      0.10814659165289024,
      0.026967532951570818,
      0.0,
      0.034264133545118536,
      0.03650922551127105
    ],
    "(0,6,5,4)": [
      0.0,
      0.006278173612465341,
      0.0,
      0.12365021779050242,
      0.021274016188917173
    ],
    "(0,5,5,4)": [
      0.03814480772843251,
      0.12963645588794576,
      0.03592217067658609,
      0.2617919525000717,
      0.07041321163093597
    ],
    "(0,5,1,4)": [
      0.6390611357828456,
      0.4941063375507111,
      0.6342291930313381,
      5.288546654461586,
      0.9455095241287159
    ],
    "(0,5,1,5)": [
      0.1046498815738087,
      0.6692582192021215,
      0.03983337978998104,
      0.07314953035462417,
      0.16275229921768283
    ],
    "(0,6,1,5)": [
      0.06639521575127878,
      0.01724781891977782,
      0.11151056527455162,
      0.1545557515189449,
      1.447397326833206
    ],
    "(0,3,1,3)": [
      0.4496711658139632,
      0.41266007217630024,
      0.5548771595882891,
      0.7272081493817506,
      2.7607309900507584
    ],
    "(0,3,2,4)": [
      0.13954190431342312,
      0.1669719166875906,
      1.1535973719926862,
      0.08616717873497814,
      0.1267844350595428
    ],
    "(0,3,3,4)": [
      0.5370516913569021,
      0.518746195831855,
      0.5485450890884948,
      2.4451973248811982,
      0.5523980313869525
    ],
    "(0,4,3,5)": [
      0.05652157209439843,
      0.4340130197678204,
      0.14159351123638025,
      0.16180576579390124,
      0.018188327168093543
    ],
    "(0,5,2,5)": [
      0.12098328564434797,
      0.07768274073637915,
      0.08975204450395077,
      0.09767749991083595,
      0.5048435984976701
    ],
    "(0,6,3,5)": [
      0.05288205983231821,
      0.2878326840278483,
      0.04821718140518934,
      0.048266595940372824,
      0.04593171883814067
    ],
    "(1,2,1,4)": [
      0.057409641435928,
      0.09922498192647329,
      0.06999941499854367,
      0.13347474085678926,
      0.1823646911454676
    ],
    "(0,7,3,4)": [
      0.019582135373557363,
      0.08520316675706649,
      0.1903295568457681,
      0.055160447019949675,
      0.031644616483452896
    ],
    "(0,7,5,5)": [
      0.03377448621522467,
      0.0,
      0.0,
      0.0,
      0.0
    ],
    "(0,2,1,4)": [
      0.21512388007704758,
      0.07291634299568159,
      0.2742513795570981,
      0.17475185716962655,
      1.0619939776695415
    ],
    "(0,2,3,4)": [
      0.43396761286006125,
      0.046793836067216016,
      0.13824483968085877,
      0.13190432425751614,
      0.2105016340141052
    ],
    "(0,3,3,3)": [
      0.3455504126999365,
      0.0987641337816023,
      0.04610387883528426,
      0.0717753519924384,
      0.12360901224794653
    ],
    "(0,4,4,4)": [
      0.16850702438058465,
      0.08920116508360017,
      0.1557219546415198,
      0.23756269550391018,
      0.832846428368957
    ],
    "(0,6,5,5)": [
      0.013597079503885775,
      0.0,
      0.011330912420059642,
      0.0,
      0.0
    ],
    "(0,6,1,4)": [
      0.17266299840577487,
      0.13407404077526253,
      0.19438568563880787,
      1.9237656063608621,
      0.20360496864396144
    ],
    "(0,7,4,5)": [
      0.0,
      0.003919672992972202,
      0.0,
      0.0,
      0.021010041785736663
    ],
    "(0,8,5,5)": [
      0.0,
      0.0,
      0.0,
      0.0,
      0.0
    ],
    "(0,5,2,3)": [
      0.05069680425071649,
      0.37094861077331337,
      0.0717057109853396,
      0.17057155654551168,
      0.01626983770796793
    ],
    "(0,6,2,3)": [
      0.0,
      0.03122475838615036,
      0.041720338647545395,
      0.23450526924624326,
      0.0
    ],
    "(0,7,2,3)": [
      0.01885795573700008,
      0.0,
      0.021112569649322684,
      0.0,
      0.0
    ],
    "(0,7,2,4)": [
      0.054093679749971216,
      0.008681581464668044,
      0.2683290540857848,
      0.05992710259699587,
      0.0076553698196027645
    ],
    "(0,6,4,4)": [
      0.010136649873810672,
      0.1041118337411171,
      0.06616044671916599,
      0.23712821886820346,
      0.06486972014442755
    ],
    "(0,2,2,4)": [
      0.10641378581279735,
      0.2318799299521432,
      0.11066847961763913,
      0.20252300760714534,
      0.899894086522504
    ],
    "(0,7,3,5)": [
      0.028681082843660232,
      0.11964794385386059,
      0.0024742509012876117,
      0.3198934271603211,
      0.05075059630236788
    ],
    "(0,3,4,4)": [
      0.19165222700133797,
      0.15763811934560668,
      0.1943139645127257,
      0.9519361045819105,
      0.3039826673845997
    ],
    "(0,5,3,5)": [
      0.06815840890680024,
      0.37565469748507047,
      0.10762444942117663,
      0.07575001651433007,
      0.10088819038785665
    ],