{
  "agent_id": "agent_0",
  "action_size": 5,
  "state_size": 6,
  "epsilon": 0.8911090557802088,
  "q_table": {
    "(0,4,3,4)": [
      0.0002865043786110053,
      0.0,
      -0.0016224593157030524,
      0.0,
      0.0
    ],
    "(0,4,4,4)": [
      0.0,
      0.009826597376420861,
      0.0,
      0.0,
      -0.007268592803340806
    ],
    "(0,5,4,4)": [
      0.0005639303687133432,
      0.002281193302505196,
      0.0,
      0.001981678393070126,
      0.0029668740684932328
    ],
    "(0,6,4,4)": [
      0.0013826545042904437,
      0.000137123623683258,
      0.0015106247178994217,
      0.0021929455947795563,
      0.001357721710709247
    ],
    "(0,3,3,4)": [
      0.005722120225113615,
      0.0,
      -0.001109073992430509,
      0.0,
      0.0
    ],
    "(0,6,3,4)": [
      0.0,
      0.0023997638779588125,
      0.00020322315493000206,
      0.0,
      0.0
    ],
    "(0,5,3,4)": [
      0.0038166645723501412,
      0.0004819845496836667,
      -0.002121584098713929,
      0.0,
      0.0
    ],
    "(0,5,4,5)": [
      0.0,
      0.0007188625949155572,
      0.0,
      0.0,
      0.0
    ],
    "(1,3,2,4)": [
      0.017307861929256846,
      0.0,
      0.0004877844946234522,
      0.0,
      0.0010039540601846121
    ],
    "(0,3,1,4)": [
      0.002230937528732017,
      0.0,
      0.00020776201204777262,
      0.0,
      0.0
    ],
    "(0,5,4,3)": [
      0.0,
      0.0032103752018935536,
      0.0,
      0.0,
      -0.00024537502672255466
    ],
    "(0,7,4,4)": [
      0.0,
      0.001644034669974983,
      -0.00040346008167220276,
      0.0,
      0.0012151405651189178
    ],
    "(0,7,3,4)": [
      0.0,
      0.0,
      -0.005014084317614948,
      0.0,
      0.0
    ],
    "(0,3,1,3)": [
      0.004241885427834701,
      0.0,
      0.002063076235132383,
      0.002165803078029661,
      0.0
    ],
    "(0,4,4,3)": [
      0.0,
      0.0,
      0.0,
      0.0,
      0.0034056594731424763
    ],
    "(0,3,3,3)": [
      0.0010712535726881537,
      0.0,
      0.0,
      0.0,
      0.0
    ],
    "(0,6,5,4)": [
      0.0,
      0.0007614369972732691,
      0.0,
      0.0,
      0.0
    ],
    "(0,6,4,5)": [
      0.0,
      0.0010897571165426716,
      0.0,
      0.0,
      0.00027023804402345953
    ],
    "(0,5,5,5)": [
      0.0,
      0.0016605495078065148,
      0.0,
      0.0,
      0.0
    ],
    "(0,3,2,3)": [
      0.003178502286531088,
      0.0,
      0.0,
      0.0,
      0.0
    ],
    "(0,5,2,3)": [
      0.0019249543148502836,
      0.0,
      -0.0015219237890707737,
      0.0,
      0.0
    ],
    "(0,3,4,4)": [
      0.0,
      0.00961789620930175,
      0.0,
      0.0,
      0.0
    ],
    "(0,5,5,4)": [
      0.0,
      0.0,
      0.0,
      0.0,
      -0.001831202439979957
    ],
    "(0,2,3,3)": [
      0.0023775917337417445,
      0.0,
      0.0,
      0.0,
      0.0
    ],
    "(0,4,1,4)": [
      -0.0015457931820343441,
      0.006235831130665851,
      0.0002852462428935345,
      0.0,
      0.0
    ],
    "(0,2,3,4)": [
      0.0008658770200609613,
      0.0,
      0.0,
      0.0,
      0.0
    ],
    "(0,7,5,4)": [
      0.0,
      0.0001684471371099097,
      -0.00020371810367172193,
      0.0,
      0.0
    ],
    "(0,6,1,4)": [
      0.0,
      0.00019577393164158953,
      0.0008459644579950816,
      0.0004822789580867557,
      0.0
    ],
    "(0,6,3,3)": [
      0.0,
      0.001886225331355424,
      -0.0004126060118042743,
      0.0,
      0.0
    ],
    "(0,6,4,3)": [
      0.0,
      0.0031749441826166487,
      0.0,
      0.0,
      0.0
    ],
    "(0,5,2,4)": [
      0.0,
      0.002753460121702224,
      -0.00021307814112359928,
      0.0,
      0.0
    ],
    "(0,5,1,3)": [
      -0.003732580193160363,
      0.0010563678903884803,
      0.0017199764718996379,
      0.0009665310004860071,
      0.0
    ],
    "(0,5,3,3)": [
      3.726483426854717e-05,
      0.003377336021731302,
      0.0,
      0.0,
      0.0
    ],
    "(0,7,4,3)": [
      0.0,
      0.00033343000184862326,
      -0.002864567898501365,
      0.0,
      0.0
    ],
    "(0,8,4,4)": [
      0.0,
      0.0,
      0.0,
      0.0,
      0.0
    ],
    "(0,2,1,4)": [
      0.0017677321068499672,
      0.0,
      0.0,
      0.0,
      0.0
    ],
    "(0,4,1,3)": [
      0.001142926547654045,
      0.0006537198902879755,
      0.0,
      0.0,
      0.0
    ],
    "(0,5,1,4)": [
      0.0010477632483001215,
      0.0013774930552538248,
      0.0025740262938826926,
      0.0014453821263735029,
      0.0
    ],
    "(0,4,2,4)": [
      0.001115567731738988,
      0.0,
      0.0,
      0.0,
      0.0
    ],
    "(0,7,5,3)": [
      0.0,
      0.0,
      0.0,
      0.0,
      0.0
    ],
    "(0,6,2,4)": [
      0.000685075340173878,
      0.0,
      -0.0004367265734787388,
      0.0,
      0.0
    ],
    "(0,7,4,5)": [
      0.0,
      0.0008595060191248149,
      0.0,
      0.0,
      0.0
    ],
    "(0,7,2,4)": [
      0.0,
      0.0,
      -0.001100671601742535,
      0.0,
      0.0
    ],
    "(0,6,2,3)": [
      0.0,
      0.0014653965218471654,
      0.0,
      0.0,
      0.0
    ],
    "(0,7,2,3)": [
      0.0,
      0.0,
      -0.00022942549271474922,
      0.0,
      0.0
    ],
    "(0,7,3,3)": [
      0.0,
      0.0,
      -0.002266857724382763,
      0.0,
      0.0
    ],
    "(0,7,1,4)": [
      0.0,
      0.0,
      0.0008342113888230209,
      0.0,
      0.0004334552440496158
    ],
    "(0,4,3,3)": [
      -0.002070996024979837,
      0.0,
      0.0,
      0.0,
      0.0
    ],
    "(0,7,6,4)": [
      0.0,
      0.0,
      0.0,
      0.0,
      0.0
    ],
    "(0,6,1,3)": [
      0.0,
      0.0015739771689623574,
      0.0,
      0.0,
      0.0
    ],
    "(0,7,5,5)": [
      0.0,
      0.0,
      -0.0007397731823094934,
      0.0,
      0.0
    ],
    "(0,7,6,5)": [
      0.0,
      0.0,
      0.0,
      0.0,
      0.0
    ],
    "(0,8,1,4)": [
      0.0,
      0.0,
      0.0,
      0.0,
      3.0067742345472838e-05
    ]
  }
}