{
  "agent_id": "agent_0",
  "action_size": 5,
  "state_size": 6,
  "epsilon": 0.7076077347272662,
  "q_table": {
    "(0,5,3,4)": [
      0.0035327003936351776,
      0.005311889400811237,
      -0.010763241202363305,
      0.012044168340082918,
      -0.010512185945595264
    ],
    "(0,4,1,3)": [
      0.012051197239582142,
      0.008244154911838813,
      0.00028641173241651565,
      0.0,
      0.0
    ],
    "(0,4,1,4)": [
      -0.014697564617144828,
      0.009674937411423029,
      0.004324135152493529,
      0.001921257224948054,
      0.0
    ],
    "(0,5,4,3)": [
      0.0,
      0.002237592342164591,
      0.0,
      0.0,
      0.0
    ],
    "(0,5,4,4)": [
      0.0,
      0.024635118693718663,
      -0.015316569894045796,
      0.0,
      0.002225527294845292
    ],
    "(0,2,3,4)": [
      0.008136064641939392,
      0.0,
      0.0,
      0.0,
      0.0
    ],
    "(0,4,3,4)": [
      0.006903993038729491,
      0.0,
      -0.0030152853033973514,
      0.0,
      0.0
    ],
    "(0,5,5,4)": [
      0.0,
      0.01926761706898773,
      0.0,
      0.0,
      0.0
    ],
    "(0,6,4,5)": [
      0.0,
      0.0032579771987685455,
      0.0,
      0.0,
      0.0
    ],
    "(0,6,3,4)": [
      0.0003930168990607947,
      0.005987697133830307,
      -0.003798103313517711,
      0.0,
      -0.00507194729381099
    ],
    "(0,6,4,4)": [
      0.0,
      0.0005729330859161051,
      0.0,
      0.0,
      0.007526820563321253
    ],
    "(0,7,4,4)": [
      0.0005605710800185377,
      -0.020892917445922577,
      -0.006718995479567175,
      0.0,
      0.0
    ],
    "(0,5,1,4)": [
      -0.025157658620945624,
      0.02757446780959354,
      0.01230726569455278,
      0.0,
      0.0
    ],
    "(1,3,2,4)": [
      0.08385271649231617,
      0.004030372203271274,
      0.00023197489870765959,
      0.0019233214027684518,
      0.000600977516589904
    ],
    "(0,7,3,4)": [
      0.0,
      0.0,
      -0.020879182144474408,
      0.0,
      0.0
    ],
    "(0,5,2,4)": [
      0.0026477536803431395,
      0.010320151500867583,
      -0.00286332447253964,
      0.0,
      0.0
    ],
    "(0,6,3,3)": [
      0.0,
      0.004597231265806944,
      -0.0016802509640283744,
      0.0,
      0.0
    ],
    "(0,7,4,3)": [
      0.0,
      0.0006793360787477345,
      -0.0015525539710076774,
      0.006603195295120994,
      0.0
    ],
    "(0,4,4,4)": [
      0.0,
      0.0075838966727442845,
      0.0,
      0.0,
      0.0
    ],
    "(0,7,4,5)": [
      0.0,
      0.00035979821924280575,
      -0.0004119582889685981,
      0.0,
      0.0
    ],
    "(0,6,5,4)": [
      0.0,
      -0.0027555049994886813,
      0.0,
      0.0,
      0.0
    ],
    "(0,5,1,3)": [
      -0.006286047060321473,
      0.014358415749275648,
      0.0023221271883245376,
      0.0,
      0.0
    ],
    "(0,6,1,3)": [
      0.0,
      0.01516960782940899,
      0.003987871595554419,
      0.0019887595697428394,
      0.0
    ],
    "(0,5,3,3)": [
      0.0014173856759936727,
      4.297166327328728e-06,
      0.0,
      0.0,
      0.0
    ],
    "(0,3,1,4)": [
      0.016077431706587646,
      0.004033528946033216,
      0.00015891530072522224,
      0.0,
      0.0
    ],
    "(0,6,1,4)": [
      -0.00481533981348208,
      0.007369770072077408,
      0.012670736419297387,
      0.0,
      0.0
    ],
    "(0,7,3,3)": [
      0.0,
      0.0,
      -0.02350432393578461,
      0.0,
      0.0004450004440445083
    ],
    "(0,8,4,4)": [
      0.0,
      0.0,
      0.0,
      0.0,
      0.0
    ],
    "(0,7,5,3)": [
      0.0,
      0.0010840903083224854,
      0.0,
      0.0,
      5.657061661363728e-05
    ],
    "(0,6,2,3)": [
      0.0,
      0.003840712763980119,
      -0.0008576217529602102,
      0.0,
      0.0
    ],
    "(0,7,2,3)": [
      0.0,
      0.0,
      -0.0012537951524547305,
      0.0,
      0.0
    ],
    "(0,6,3,5)": [
      0.0,
      0.0011347191742639693,
      0.0,
      0.0,
      0.001332018132883841
    ],
    "(0,6,2,4)": [
      0.0008618861131940857,
      0.011402388727871028,
      -0.002859760731013178,
      0.0,
      -0.0019294612541405952
    ],
    "(1,2,1,4)": [
      0.0013874815678435628,
      0.0,
      0.0,
      0.0,
      0.0
    ],
    "(0,7,2,5)": [
      0.0,
      0.0,
      -0.001767091202563773,
      0.0,
      0.0
    ],
    "(0,7,3,5)": [
      0.0,
      0.0004419748319945999,
      -0.010768008805970803,
      0.0,
      0.0
    ],
    "(0,7,2,4)": [
      0.0008428374138924432,
      0.0,
      -0.006913379766260697,
      0.0,
      0.0017711600292533913
    ],
    "(0,7,1,4)": [
      0.0,
      -0.00279468881458941,
      0.009713562231982916,
      0.0,
      -0.015768012619312568
    ],
    "(0,8,5,4)": [
      0.0,
      0.0,
      -0.0016468482578019894,
      0.0,
      0.0
    ],
    "(0,7,1,3)": [
      0.0,
      0.0,
      0.005592834429596782,
      0.0,
      0.0
    ],
    "(0,7,5,4)": [
      0.0,
      0.003123894698240516,
      -0.00019600242755126823,
      0.0,
      0.0
    ],
    "(0,3,1,3)": [
      0.004124350756107572,
      0.0014099348077813855,
      0.0,
      0.0007491323318016081,
      0.0
    ],
    "(0,8,6,4)": [
      0.0,
      0.0,
      0.0,
      0.0,
      0.0
    ],
    "(0,3,2,4)": [
      0.0023756102635952973,
      0.0,
      0.0,
      0.0,
      0.0
    ],
    "(0,8,4,3)": [
      0.0,
      0.0,
      0.0,
      0.0,
      0.0
    ],
    "(0,6,2,5)": [
      0.0,
      0.00010688426193155967,
      -0.00034439508093466213,
      0.0,
      0.0
    ],
    "(0,2,1,4)": [
      0.0006062167794115053,
      0.0015866682526897188,
      0.0,
      0.0,
      0.0
    ],
    "(0,8,2,4)": [
      0.0,
      0.0,
      -0.0005971757306760235,
      0.0,
      -0.0003383607941296325
    ],
    "(0,8,2,3)": [
      0.0,
      0.0,
      -0.0003618134246510904,
      0.0,
      0.0
    ],
    "(0,8,3,3)": [
      0.0,
      0.0,
      0.0,
      0.0,
      0.0
    ],
    "(0,8,1,4)": [
      0.0,
      -0.001852387684368962,
      0.0002722613129559742,
      0.0,
      -0.0040853512516445265
    ],
    "(0,4,2,4)": [
      -0.00023484611428633434,
      0.0,
      0.0,
      0.0,
      0.0
    ],
    "(0,8,3,4)": [
      0.0,
      0.0,
      -0.00042455505032146245,
      0.0,
      0.0
    ],
    "(0,9,1,4)": [
      0.0,
      0.0,
      0.0,
      0.0,
      0.0008577300278376764
    ],
    "(0,7,5,5)": [
      0.0,
      0.0,
      0.0,
      0.0,
      0.0
    ],
    "(0,8,4,5)": [
      0.0,
      0.0,
      0.0,
      0.0,
      0.0
    ],
    "(0,6,6,4)": [
      0.0,
      0.0,
      0.0,
      0.0,
      0.0
    ]
  }
}