{
  "agent_id": "agent_0",
  "action_size": 5,
  "state_size": 6,
  "epsilon": 0.7005493475733617,
  "q_table": {
    "(0,4,3,4)": [
      0.0015746411016734564,
      0.0,
      -0.0030968859222286907,
      0.0,
      0.0
    ],
    "(0,4,4,4)": [
      0.0,
      0.017980894028650638,
      0.0,
      0.0,
      -0.011362112369572491
    ],
    "(0,5,4,4)": [
      0.0020697908559874274,
      0.005579746600249197,
      0.0,
      0.004466159724481268,
      0.003233465394031621
    ],
    "(0,6,4,4)": [
      0.002762545082226811,
      -0.007040506159810576,
      0.002716287836571745,
      0.013823211915381927,
      0.003169206668546893
    ],
    "(0,3,3,4)": [
      0.008304988289823758,
      0.0,
      -0.0019362642724681841,
      0.0,
      0.0
    ],
    "(0,6,3,4)": [
      0.0,
      0.016581380771469364,
      -0.0009009964654311263,
      0.0014952089273810882,
      0.0
    ],
    "(0,5,3,4)": [
      0.00937258053591168,
      0.01081282287431227,
      -0.006333875647101589,
      0.0004959154336949965,
      0.0009105524098004638
    ],
    "(0,5,4,5)": [
      0.0,
      0.0009586455868364796,
      0.0,
      0.0,
      0.0
    ],
    "(1,3,2,4)": [
      0.07016305220254068,
      0.0,
      0.0011094015137268086,
      0.0,
      0.00160727436627162
    ],
    "(0,3,1,4)": [
      0.016221192708268703,
      0.0,
      0.00033460900875730904,
      0.001239516203695638,
      0.0
    ],
    "(0,5,4,3)": [
      0.0,
      0.00414616695570568,
      0.0,
      0.0,
      -0.0004407931692241885
    ],
    "(0,7,4,4)": [
      0.0,
      0.008539488249625226,
      -0.007261182278954712,
      0.0010970077350283102,
      0.00663275523740655
    ],
    "(0,7,3,4)": [
      0.0,
      0.0,
      -0.027448468956881432,
      0.0,
      0.0004482400948904998
    ],
    "(0,3,1,3)": [
      0.009030995591407822,
      0.0005247235297258079,
      0.0032582826639660175,
      0.0038714236772551236,
      0.0
    ],
    "(0,4,4,3)": [
      0.0,
      0.0,
      0.0,
      0.0,
      0.005164227050995809
    ],
    "(0,3,3,3)": [
      0.0019153531852771522,
      0.0,
      0.0,
      0.0,
      0.0
    ],
    "(0,6,5,4)": [
      0.0,
      0.0013305183041782778,
      0.0,
      0.0,
      0.0
    ],
    "(0,6,4,5)": [
      0.0,
      0.002015444621539017,
      0.0,
      0.0,
      0.00045528552674760543
    ],
    "(0,5,5,5)": [
      0.0,
      0.003318384442065606,
      0.0,
      0.0,
      0.0
    ],
    "(0,3,2,3)": [
      0.0038785674282023077,
      0.0,
      0.0,
      0.0,
      0.0
    ],
    "(0,5,2,3)": [
      0.0026976336664914107,
      0.0,
      -0.0025524962985762735,
      0.0,
      0.0
    ],
    "(0,3,4,4)": [
      0.0,
      0.00961789620930175,
      0.0,
      0.0,
      0.0
    ],
    "(0,5,5,4)": [
      0.0,
      0.0,
      0.0,
      0.0,
      -0.004832634114641425
    ],
    "(0,2,3,3)": [
      0.004844028664888518,
      0.0,
      0.0,
      0.0,
      0.0
    ],
    "(0,4,1,4)": [
      -0.008913711593965938,
      0.018391598221675052,
      0.002967827534418789,
      0.0004967794937138662,
      0.0022354288518277284
    ],
    "(0,2,3,4)": [
      0.0013034178965631966,
      0.00028973212245435456,
      -0.0023533994870235477,
      0.0,
      0.0
    ],
    "(0,7,5,4)": [
      0.0,
      0.003598660378724401,
      -0.0008118365818622747,
      0.0,
      0.0
    ],
    "(0,6,1,4)": [
      0.0,
      0.010177344729468187,
      0.0033848092371488777,
      0.0009654773387211793,
      0.0004439720345569842
    ],
    "(0,6,3,3)": [
      0.0,
      0.006565818703976231,
      -0.0017187258956008306,
      0.0,
      0.0
    ],
    "(0,6,4,3)": [
      0.0,
      0.005430945553614193,
      0.0,
      0.0,
      0.000467850286867842
    ],
    "(0,5,2,4)": [
      -0.000661420259166012,
      0.008170481785894641,
      -0.000725686115534388,
      0.0029354544637050515,
      0.0
    ],
    "(0,5,1,3)": [
      -0.019734128257718114,
      0.010615099820962402,
      0.006281934893092211,
      0.0024286710117489606,
      0.001786701624878514
    ],
    "(0,5,3,3)": [
      3.726483426854717e-05,
      0.007539403622963122,
      -0.0003995498895821059,
      0.0,
      0.0
    ],
    "(0,7,4,3)": [
      0.0,
      0.0015520551829017312,
      -0.0036776015473480783,
      0.0,
      0.0
    ],
    "(0,8,4,4)": [
      0.0,
      -0.004250756363967889,
      -0.0012113925185511696,
      0.0,
      0.0
    ],
    "(0,2,1,4)": [
      0.004457249408798763,
      0.0,
      0.0,
      0.0,
      0.0
    ],
    "(0,4,1,3)": [
      -0.004488475945738669,
      0.008862390398293228,
      0.0005795809774452548,
      0.0,
      0.0
    ],
    "(0,5,1,4)": [
      -0.04373922535929707,
      0.01640181579431297,
      0.01084500013054048,
      0.002905871108687257,
      0.0
    ],
    "(0,4,2,4)": [
      0.003962405082215612,
      0.0,
      -0.00032789207312164013,
      0.0,
      0.0
    ],
    "(0,7,5,3)": [
      0.0,
      0.0,
      0.0,
      0.0,
      0.0
    ],
    "(0,6,2,4)": [
      0.0017101214581272443,
      0.00824148589833823,
      -0.0022377766138953156,
      0.0030453861483331814,
      0.0004534594385221521
    ],
    "(0,7,4,5)": [
      0.0,
      0.002860083171141752,
      0.0,
      0.0,
      0.0
    ],
    "(0,7,2,4)": [
      0.0,
      0.0,
      -0.004151754387815571,
      0.0,
      0.0008803908079849346
    ],
    "(0,6,2,3)": [
      0.0,
      0.0027308586025930866,
      -9.09989282228782e-05,
      0.0,
      0.0
    ],
    "(0,7,2,3)": [
      0.0,
      0.0,
      -0.0007854058490598314,
      0.0,
      0.0
    ],
    "(0,7,3,3)": [
      0.0,
      0.00013435432235927143,
      -0.011847320000042311,
      0.0,
      0.0
    ],
    "(0,7,1,4)": [
      0.001725496492447081,
      -0.00493237780824416,
      0.006071463073326182,
      0.0009553477196294726,
      -0.014370394015651034
    ],
    "(0,4,3,3)": [
      -0.00310413232408965,
      0.003268254171841857,
      0.0,
      0.0,
      0.0
    ],
    "(0,7,6,4)": [
      0.0,
      0.0,
      0.0,
      0.0,
      0.0
    ],
    "(0,6,1,3)": [
      0.0,
      0.00689472898645865,
      0.001163086884468377,
      0.0,
      0.0
    ],
    "(0,7,5,5)": [
      0.0,
      0.0,
      -0.001292663429184214,
      0.0,
      0.0
    ],
    "(0,7,6,5)": [
      0.0,
      0.0,
      0.0,
      0.0,
      0.0
    ],
    "(0,8,1,4)": [
      0.0,
      0.0,
      0.0016320636648923348,
      0.0,
      -0.000754735365285042
    ],
    "(0,8,5,4)": [
      0.0,
      0.0,
      0.0,
      0.0,
      0.0
    ],
    "(0,2,2,3)": [
      0.002305345014713893,
      0.0,
      0.0,
      0.0,
      0.0
    ],
    "(0,7,1,3)": [
      0.0,
      0.00021404541850801836,
      0.003936114545371288,
      0.0,
      0.001309116928171699
    ],
    "(0,8,4,5)": [
      0.0,
      0.0,
      -0.00020898900611573224,
      0.0,
      0.0
    ],
    "(0,7,2,5)": [
      0.0,
      0.0,
      -0.00023222796495101563,
      0.0009582528312743809,
      0.0
    ],
    "(0,7,3,5)": [
      0.0,
      0.0,
      -0.00040990252688800693,
      0.0006873377130414075,
      0.0
    ],
    "(0,8,2,4)": [
      0.0,
      0.0,
      -0.0003527746906888438,
      0.0,
      0.0004335667642282116
    ],
    "(0,8,2,5)": [
      0.0,
      2.8004425580833674e-05,
      0.0,
      0.0,
      -0.0001757471248030053
    ],
    "(0,8,4,3)": [
      0.0,
      0.0,
      0.0,
      0.0,
      0.0
    ],
    "(0,8,1,3)": [
      0.0,
      0.0,
      0.0,
      0.0,
      -0.012379297383734103
    ],
    "(0,2,4,4)": [
      0.0008645643230742178,
      0.0,
      0.0,
      0.0,
      0.0
    ],
    "(0,8,3,3)": [
      0.0,
      0.0,
      -0.0008443126943023563,
      0.0,
      0.0
    ],
    "(0,8,3,4)": [
      0.0,
      0.0,
      -0.00010931079744310116,
      0.0,
      0.0
    ],
    "(0,3,2,4)": [
      0.0,
      0.0,
      0.0,
      0.0,
      0.0
    ],