{
  "agent_id": "agent_0",
  "action_size": 5,
  "state_size": 6,
  "epsilon": 0.31101247816653554,
  "q_table": {
    "(1,3,2,4)": [
      0.7313096699728828,
      2.162494569115925,
      0.4631529429800792,
      0.3829768994052685,
      0.5111287988805308
    ],
    "(0,3,1,4)": [
      0.3761849035225996,
      1.7261717309869133,
      0.5473449428829865,
      0.5219157736262553,
      0.40922394612164137
    ],
    "(0,4,1,4)": [
      0.5407750538175787,
      1.227138140248557,
      0.5950840688053557,
      0.5022077845278478,
      0.6460023507993182
    ],
    "(0,4,2,4)": [
      0.35758422492154057,
      0.4883008670318187,
      0.24816547171384779,
      1.4328253718318102,
      0.40287278125540227
    ],
    "(0,5,2,4)": [
      0.2540923803588934,
      0.20033359465362977,
      0.4104855763329662,
      0.8367634471772806,
      0.29217007224191005
    ],
    "(0,6,2,4)": [
      0.18513692432014356,
      0.1449733589060857,
      0.09603234497430835,
      0.7523355602125694,
      0.21140675596924982
    ],
    "(0,8,2,5)": [
      0.0,
      0.00888970179111817,
      0.0,
      0.00473318455724685,
      0.0438294759580972
    ],
    "(0,7,2,5)": [
      0.004718807039897192,
      0.011105353399559544,
      0.17259495877637954,
      0.06645072322258246,
      0.007877887657341858
    ],
    "(0,4,1,3)": [
      0.02238099457431001,
      0.053964938595380166,
      0.27986208702356286,
      0.021542924474970075,
      0.08361219030741285
    ],
    "(0,4,2,3)": [
      0.14067292926679245,
      0.12639787835075017,
      0.16013846118833486,
      0.17010876988003756,
      0.5280781809216399
    ],
    "(0,4,3,3)": [
      0.013098978003624109,
      0.02365585720520204,
      0.07763312210460506,
      0.11376745741530926,
      0.24637037382946517
    ],
    "(0,4,3,4)": [
      0.23442512076225613,
      0.33108931100214306,
      0.25186705187644187,
      1.2225422925393923,
      0.33979999576780545
    ],
    "(0,5,3,3)": [
      0.0,
      0.1461543420739187,
      0.0,
      0.0,
      0.013431281074198154
    ],
    "(0,6,3,4)": [
      0.08688806135829386,
      0.12714564421380514,
      0.04356040657125089,
      0.056339540322472945,
      0.41294095828112004
    ],
    "(0,5,3,4)": [
      0.22410161523585562,
      0.2081618163117632,
      0.2409280509984462,
      0.9124617646264255,
      0.21302973227267374
    ],
    "(0,6,2,5)": [
      0.11032095779846622,
      0.07254232614983606,
      0.05813156103311715,
      0.08410536986761892,
      0.060240136565370174
    ],
    "(0,6,4,5)": [
      0.015950798248488378,
      0.08173260284861796,
      0.005953617388874255,
      0.07763861847687593,
      0.0033373155159029445
    ],
    "(0,7,4,4)": [
      0.025209451241700393,
      0.015778738292037055,
      0.017203889495617884,
      0.06092847163194336,
      0.007277879583707453
    ],
    "(0,2,1,3)": [
      0.0,
      0.0911489414716382,
      0.19244338871093256,
      0.0,
      0.061437411370311806
    ],
    "(0,5,4,4)": [
      0.04525533254327645,
      0.11134266990781488,
      0.19056239259542052,
      0.04442356419130272,
      0.09189062826898498
    ],
    "(0,4,5,4)": [
      0.06497379739135731,
      0.017762975158333562,
      0.0,
      0.011357279099943248,
      0.02368388575775939
    ],
    "(0,6,5,4)": [
      0.0,
      0.0031406571348000707,
      0.0,
      0.08678242410788226,
      0.021274016188917173
    ],
    "(0,5,5,4)": [
      0.03527210374364209,
      0.07043625526097005,
      0.018442306066974987,
      0.11275242174465373,
      0.03967140172177024
    ],
    "(0,5,1,4)": [
      0.2447041505033663,
      0.1407038577214655,
      0.41563965729032737,
      1.1786364951089807,
      0.3028793811302582
    ],
    "(0,5,1,5)": [
      0.054796167622019026,
      0.17737993917318895,
      0.003804022184361109,
      0.00916114360717084,
      0.09377904270507899
    ],
    "(0,6,1,5)": [
      0.02065836074959474,
      0.0029561566877399715,
      0.05768100965452177,
      0.020733356464189202,
      0.20070970709524888
    ],
    "(0,3,1,3)": [
      0.2610641739874398,
      0.1592322130555221,
      0.37511497848408126,
      0.395990001078595,
      0.8808737640225953
    ],
    "(0,3,2,4)": [
      0.10477353156513698,
      0.09302716532743058,
      0.5860632178686058,
      0.07820088189169219,
      0.06517063846966392
    ],
    "(0,3,3,4)": [
      0.3040689579190872,
      0.34020192806917593,
      0.40758207170923605,
      1.1865610514361753,
      0.36523586785095896
    ],
    "(0,4,3,5)": [
      0.03455188485137752,
      0.26639240389616065,
      0.11051161667696752,
      0.12058105486553372,
      0.012512118355915893
    ],
    "(0,5,2,5)": [
      0.06536305611095958,
      0.014747744019027651,
      0.047587789799272875,
      0.03823271624042261,
      0.19590876320423972
    ],
    "(0,6,3,5)": [
      0.037968279816746386,
      0.12941069839119593,
      0.02640713243654113,
      0.023884020481440955,
      0.011407271266920366
    ],
    "(1,2,1,4)": [
      0.04772641359978735,
      0.07545258257287724,
      0.049228315236061485,
      0.12230285831497603,
      0.14920707152553842
    ],
    "(0,7,3,4)": [
      0.013463231533501718,
      0.0622201555287956,
      0.12578605559070583,
      0.029923420490933637,
      0.008059000236795774
    ],
    "(0,7,5,5)": [
      0.027508185441673237,
      0.0,
      0.0,
      0.0,
      0.0
    ],
    "(0,2,1,4)": [
      0.16388842292539343,
      0.031398362094243126,
      0.1777926966377848,
      0.12012025617649963,
      0.4555743328604024
    ],
    "(0,2,3,4)": [
      0.26482701345710213,
      0.03622127190786263,
      0.13107167765783162,
      0.10192690929060881,
      0.1306638260828215
    ],
    "(0,3,3,3)": [
      0.16822603011894247,
      0.06876823657316591,
      0.036995666603214857,
      0.044303223159382274,
      0.08686920154737346
    ],
    "(0,4,4,4)": [
      0.12644028141366934,
      0.06143866696195314,
      0.10832117268622335,
      0.13049355624442663,
      0.45171442658234623
    ],
    "(0,6,5,5)": [
      0.00906925353987792,
      0.0,
      0.0,
      0.0,
      0.0
    ],
    "(0,6,1,4)": [
      0.0553687150143463,
      0.06918675670924912,
      0.11966681556995351,
      0.5557539507840137,
      0.10200794312359326
    ],
    "(0,7,4,5)": [
      0.0,
      0.0,
      0.0,
      0.0,
      0.009229742555083922
    ],
    "(0,8,5,5)": [
      0.0,
      0.0,
      0.0,
      0.0,
      0.0
    ],
    "(0,5,2,3)": [
      0.024783357257647534,
      0.20070854411208208,
      0.0423169489579392,
      0.12365503286099723,
      0.005340966459896573
    ],
    "(0,6,2,3)": [
      0.0,
      0.02563223997175005,
      0.022818028352546094,
      0.11973145514358094,
      0.0
    ],
    "(0,7,2,3)": [
      0.01411501213171023,
      0.0,
      0.017527188328356553,
      0.0,
      0.0
    ],
    "(0,7,2,4)": [
      0.029721064763387546,
      0.004641164034063927,
      0.17649481197753045,
      0.038386739243069755,
      0.003248388765959063
    ],
    "(0,6,4,4)": [
      0.0,
      0.06082032355473234,
      0.030288419009483248,
      0.12490703163351553,
      0.048642218823248755
    ],
    "(0,2,2,4)": [
      0.07466960632690711,
      0.14656646760042893,
      0.09508037317491888,
      0.1450179767084719,
      0.46979890244008826
    ],
    "(0,7,3,5)": [
      0.004427935342120498,
      0.06259983463790751,
      0.0,
      0.06989533654478915,
      0.018738569516677187
    ],
    "(0,3,4,4)": [
      0.12406837505530734,
      0.10733522188847701,
      0.1122716122083298,
      0.5497565676584011,
      0.22479463988435328
    ],
    "(0,5,3,5)": [
      0.03521474621777321,
      0.14891697242847868,
      0.0593528066898025,
      0.04456311208258405,
      0.06555945845599007
    ],