{
  "agent_id": "agent_0",
  "action_size": 5,
  "state_size": 6,
  "epsilon": 0.8866535105013078,
  "q_table": {
    "(1,3,2,4)": [
      0.08487140169118615,
      0.17161053978860272,
      0.0,
      0.055398685335407524,
      0.10529153409104038
    ],
    "(0,3,1,4)": [
      0.024405405468131778,
      0.23387097821841066,
      0.05405104456550613,
      0.020967985442103716,
      0.0
    ],
    "(0,4,1,4)": [
      0.0811196705539064,
      0.11585183916283301,
      0.06057379194844756,
      0.028563943787341825,
      0.12213260966165138
    ],
    "(0,4,2,4)": [
      0.04735614791801795,
      0.04299740084019302,
      0.011398362882202247,
      0.14730818420708974,
      0.07918013610358303
    ],
    "(0,5,2,4)": [
      0.03772525222439449,
      0.0029941375112670747,
      0.05541630548916633,
      0.007018565481757723,
      0.03754130941009952
    ],
    "(0,6,2,4)": [
      0.047247635721087956,
      0.03304829274134431,
      0.00414470179283408,
      0.05170181607911901,
      0.059666686314439964
    ],
    "(0,8,2,5)": [
      0.0,
      0.0,
      0.0,
      0.0,
      0.021975957088599476
    ],
    "(0,7,2,5)": [
      0.0,
      0.0,
      0.05524942090528147,
      0.024153669124942448,
      0.0
    ],
    "(0,4,1,3)": [
      0.0,
      0.0,
      0.01750776981731946,
      0.0,
      0.03784275035754324
    ],
    "(0,4,2,3)": [
      0.0,
      0.0222232104005384,
      0.060284095182669126,
      0.04469187336101611,
      0.14274527364539008
    ],
    "(0,4,3,3)": [
      0.0,
      0.0,
      0.0,
      0.0,
      0.04529425794413647
    ],
    "(0,4,3,4)": [
      0.05470956460687847,
      0.02782506902038357,
      0.038583766314359585,
      0.11404911423302314,
      0.05150342125003957
    ],
    "(0,5,3,3)": [
      0.0,
      0.04852660373470552,
      0.0,
      0.0,
      0.0
    ],
    "(0,6,3,4)": [
      0.0,
      0.004561224413478871,
      0.004611882575756759,
      0.01695746863094595,
      0.14104100372051992
    ],
    "(0,5,3,4)": [
      0.03431483734862356,
      0.018638022058575253,
      0.05345618166790748,
      0.06321548254599291,
      0.028488543441330588
    ],
    "(0,6,2,5)": [
      0.010122186747637422,
      0.028231972933181602,
      0.014379438576242751,
      0.015609063589986991,
      0.02794016838436022
    ],
    "(0,6,4,5)": [
      0.0018772781512589002,
      0.016217786391928876,
      0.0,
      0.0,
      0.0
    ],
    "(0,7,4,4)": [
      0.0,
      0.0,
      0.0,
      0.0,
      0.0
    ],
    "(0,2,1,3)": [
      0.0,
      0.03984603624483536,
      0.04831511753523301,
      0.0,
      0.0
    ],
    "(0,5,4,4)": [
      0.010908622220842915,
      0.0,
      0.04645303896500466,
      0.0,
      0.0424316218978314
    ],
    "(0,4,5,4)": [
      0.012285355870013337,
      0.0,
      0.0,
      0.0,
      0.0
    ],
    "(0,6,5,4)": [
      0.0,
      0.0,
      0.0,
      0.01658304340437943,
      0.0
    ],
    "(0,5,5,4)": [
      0.011855254967183336,
      0.0059546181278532714,
      0.0,
      0.009955606333522419,
      0.014590293710248864
    ],
    "(0,5,1,4)": [
      0.006368771215095805,
      0.00675006486471717,
      0.05928580488488208,
      0.07683819797819737,
      0.04961616837463208
    ],
    "(0,5,1,5)": [
      0.0061496090203924285,
      0.03218955255597606,
      0.0,
      0.0,
      0.022710168311789174
    ],
    "(0,6,1,5)": [
      0.0,
      0.0,
      0.02484774190071134,
      0.0,
      0.03986096738207438
    ],
    "(0,3,1,3)": [
      0.007675987163909142,
      0.0,
      0.026402588335106822,
      0.009610455844014808,
      0.027655836656521916
    ],
    "(0,3,2,4)": [
      0.021826579748993158,
      0.03179062265499838,
      0.08109378800969644,
      0.009870000067915607,
      0.0
    ],
    "(0,3,3,4)": [
      0.020268440468308672,
      0.04487585245247506,
      0.007510272426440418,
      0.06398529480711283,
      0.0
    ],
    "(0,4,3,5)": [
      0.0,
      0.058924210041475994,
      0.0,
      0.01770920614180823,
      0.0
    ],
    "(0,5,2,5)": [
      0.012797932139217132,
      0.0,
      0.0,
      0.0,
      0.016095494233913266
    ],
    "(0,6,3,5)": [
      0.0017381081876305154,
      0.008193546074216688,
      0.0,
      0.0,
      0.0
    ],
    "(1,2,1,4)": [
      0.01886003838469068,
      0.0,
      0.0,
      0.0,
      0.021236191368735283
    ],
    "(0,7,3,4)": [
      0.0,
      0.005841439506571321,
      0.017326956242215027,
      0.0,
      0.0
    ],
    "(0,7,5,5)": [
      0.022529188819757635,
      0.0,
      0.0,
      0.0,
      0.0
    ],
    "(0,2,1,4)": [
      0.01800838898067127,
      0.0,
      0.0,
      0.021843379952132855,
      0.0
    ],
    "(0,2,3,4)": [
      0.024886626976069533,
      0.0,
      0.0,
      0.0,
      0.0
    ],
    "(0,3,3,3)": [
      0.007185173592041983,
      0.0,
      0.0,
      0.0,
      0.0
    ],
    "(0,4,4,4)": [
      0.004198778974639281,
      0.013951638958698522,
      0.0,
      0.02455794478839106,
      0.0
    ],
    "(0,6,5,5)": [
      0.0,
      0.0,
      0.0,
      0.0,
      0.0
    ],
    "(0,6,1,4)": [
      0.0,
      0.0,
      0.005589199748168662,
      0.0,
      0.0
    ],
    "(0,7,4,5)": [
      0.0,
      0.0,
      0.0,
      0.0,
      0.0
    ],
    "(0,8,5,5)": [
      0.0,
      0.0,
      0.0,
      0.0,
      0.0
    ],
    "(0,5,2,3)": [
      0.0,
      0.01916437524044504,
      0.0,
      0.0,
      0.0
    ],
    "(0,6,2,3)": [
      0.0,
      0.016404602461688088,
      0.0,
      0.0255356230242805,
      0.0
    ],
    "(0,7,2,3)": [
      0.0,
      0.0,
      0.003483684953286142,
      0.0,
      0.0
    ],
    "(0,7,2,4)": [
      0.0,
      0.0,
      0.02078219728554762,
      0.0,
      0.0
    ],
    "(0,6,4,4)": [
      0.0,
      0.0,
      0.0,
      0.01649075706852418,
      0.0031194053774889997
    ],
    "(0,2,2,4)": [
      0.0,
      0.0450943045516954,
      0.0,
      0.0,
      0.019540962587811538
    ],
    "(0,7,3,5)": [
      0.0,
      0.0,
      0.0,
      0.0,
      0.0
    ],
    "(0,3,4,4)": [
      0.0,
      0.0,
      0.0,
      0.007804323751356073,
      0.0
    ],
    "(0,5,3,5)": [
      0.0,
      0.0027582912571913437,
      0.0,
      0.0,
      0.0
    ],
    "(0,4,2,5)": [
      0.0,
      0.0,
      0.008314287700356008,
      0.0,
      0.0
    ],
    "(0,4,4,5)": [
      0.012887583198237199,
      0.0016965651496727858,
      0.0,
      0.0,
      0.0
    ],
    "(0,5,4,5)": [
      0.0,
      0.0,
      0.009659356651154097,
      0.007710759466392566,
      0.0
    ],
    "(0,5,5,5)": [
      0.004531806812768432,
      0.0,
      0.0,
      0.0,
      0.0
    ],
    "(0,7,1,4)": [
      0.0,
      0.005080247406469141,
      0.0,
      0.0,
      0.0
    ],
    "(0,8,1,4)": [
      0.0,
      0.0,
      0.0,
      0.004011523243164822,
      0.003212441014977648
    ],
    "(0,8,3,5)": [
      0.0,
      0.0,
      0.0,
      0.0,
      0.0
    ],
    "(0,2,2,3)": [
      0.0,
      0.0,
      0.0,
      0.0,
      0.0
    ],
    "(0,3,2,3)": [
      0.0,
      0.0,
      0.0,
      0.0,
      0.0
    ]
  }
}