{
  "agent_id": "agent_0",
  "action_size": 5,
  "state_size": 6,
  "epsilon": 0.24328132378095624,
  "q_table": {
    "(1,3,2,4)": [
      0.8778016445497349,
      2.579733529944716,
      0.5876652603258923,
      0.43688737221609175,
      0.5840509548046664
    ],
    "(0,3,1,4)": [
      0.45897108204706305,
      2.0365803106198963,
      0.5741223395823147,
      0.6115654385409214,
      0.5317096970196996
    ],
    "(0,4,1,4)": [
      0.593208082461167,
      1.5755330479973202,
      0.6889020148023347,
      0.5950085276544456,
      0.7723515280028129
    ],
    "(0,4,2,4)": [
      0.4193138711493188,
      0.5391297441052277,
      0.2829529969379479,
      1.762636170991367,
      0.4691936117341987
    ],
    "(0,5,2,4)": [
      0.2918555425709111,
      0.2344954825695306,
      0.4838137113624308,
      1.1240983330086347,
      0.36616210709103714
    ],
    "(0,6,2,4)": [
      0.2020800872195725,
      0.1662173374258121,
      0.12288800581539475,
      0.908132248271393,
      0.2284152190640561
    ],
    "(0,8,2,5)": [
      0.0,
      0.00888970179111817,
      0.0,
      0.009470724718602047,
      0.0438294759580972
    ],
    "(0,7,2,5)": [
      0.004718807039897192,
      0.011105353399559544,
      0.18604984298262575,
      0.06645072322258246,
      0.007877887657341858
    ],
    "(0,4,1,3)": [
      0.031322892099837185,
      0.053964938595380166,
      0.4135683838054716,
      0.021542924474970075,
      0.08361219030741285
    ],
    "(0,4,2,3)": [
      0.14871394904709284,
      0.14116694676531574,
      0.17579716249057667,
      0.21501944161060685,
      0.6925542347159742
    ],
    "(0,4,3,3)": [
      0.01976982652805205,
      0.03118469750096281,
      0.09598339881848852,
      0.12980665533738067,
      0.36207563937082987
    ],
    "(0,4,3,4)": [
      0.28033014177308224,
      0.37363087004089407,
      0.3193000333405639,
      1.5658494023321008,
      0.35491928181291116
    ],
    "(0,5,3,3)": [
      0.0,
      0.1510392095234207,
      0.006822470504610502,
      0.0,
      0.027758146435466903
    ],
    "(0,6,3,4)": [
      0.10329222331284568,
      0.15289868897461958,
      0.04964812884395519,
      0.06238865673219929,
      0.43885642636476824
    ],
    "(0,5,3,4)": [
      0.2628796190809626,
      0.25424137477885395,
      0.2678569925658186,
      1.1616022126683982,
      0.24428458495042887
    ],
    "(0,6,2,5)": [
      0.16032271172018764,
      0.07254232614983606,
      0.06073537083967914,
      0.08891239088379635,
      0.06585321738548658
    ],
    "(0,6,4,5)": [
      0.019805432687762616,
      0.08173260284861796,
      0.00884153691885293,
      0.08479561719224851,
      0.0033373155159029445
    ],
    "(0,7,4,4)": [
      0.03001843988831687,
      0.015778738292037055,
      0.019940070603971922,
      0.0764519720216968,
      0.01410331464439314
    ],
    "(0,2,1,3)": [
      0.0,
      0.0911489414716382,
      0.24047919792855565,
      0.0,
      0.061437411370311806
    ],
    "(0,5,4,4)": [
      0.05149241417644479,
      0.12345080212103389,
      0.2157822687221111,
      0.05049160270646241,
      0.10110765067984222
    ],
    "(0,4,5,4)": [
      0.08243701692286608,
      0.02214068476133502,
      0.0,
      0.022791688237264473,
      0.02368388575775939
    ],
    "(0,6,5,4)": [
      0.0,
      0.0031406571348000707,
      0.0,
      0.10727328026916588,
      0.021274016188917173
    ],
    "(0,5,5,4)": [
      0.03814480772843251,
      0.07528685169791903,
      0.018442306066974987,
      0.17764556100444134,
      0.04344871431017659
    ],
    "(0,5,1,4)": [
      0.2864573908082478,
      0.2071224341285543,
      0.4664084277195726,
      1.8978264555841609,
      0.4010861139482187
    ],
    "(0,5,1,5)": [
      0.054796167622019026,
      0.23817003688741023,
      0.018315719532958144,
      0.00916114360717084,
      0.1072210519097196
    ],
    "(0,6,1,5)": [
      0.023185864357315313,
      0.006117984248603176,
      0.05947671066461597,
      0.043241480794166974,
      0.3566708350269496
    ],
    "(0,3,1,3)": [
      0.30680462581008244,
      0.22643900241910392,
      0.42618303385990963,
      0.5397567077952365,
      1.279773188987582
    ],
    "(0,3,2,4)": [
      0.12989820872920327,
      0.120002414461807,
      0.7408588526728083,
      0.07820088189169219,
      0.0825343150107748
    ],
    "(0,3,3,4)": [
      0.39021685448873467,
      0.36568900459508125,
      0.42873959451431626,
      1.4153603004333053,
      0.4077726344560979
    ],
    "(0,4,3,5)": [
      0.04078682431801306,
      0.29274218431010185,
      0.1176366855370812,
      0.1281769880624348,
      0.012512118355915893
    ],
    "(0,5,2,5)": [
      0.07798427090288909,
      0.016641932910968594,
      0.052532971482215716,
      0.04708042328451391,
      0.2468349759437512
    ],
    "(0,6,3,5)": [
      0.0445518631171288,
      0.16417779227475338,
      0.03517486239665973,
      0.023884020481440955,
      0.022658318554347894
    ],
    "(1,2,1,4)": [
      0.057409641435928,
      0.08718715343816112,
      0.059471524504485396,
      0.13347474085678926,
      0.16024285359439297
    ],
    "(0,7,3,4)": [
      0.013463231533501718,
      0.0728221129566353,
      0.14103226433089133,
      0.03825268631378011,
      0.01919228155750697
    ],
    "(0,7,5,5)": [
      0.027508185441673237,
      0.0,
      0.0,
      0.0,
      0.0
    ],
    "(0,2,1,4)": [
      0.17132827968685224,
      0.04910817407962003,
      0.22603422869950882,
      0.14089283954368928,
      0.6256872769101249
    ],
    "(0,2,3,4)": [
      0.2909606944090929,
      0.03622127190786263,
      0.13107167765783162,
      0.11236177165009867,
      0.13969220011170025
    ],
    "(0,3,3,3)": [
      0.20921714042605963,
      0.06876823657316591,
      0.036995666603214857,
      0.0629030534409156,
      0.08686920154737346
    ],
    "(0,4,4,4)": [
      0.1414408612657776,
      0.065290600814119,
      0.12353368457418967,
      0.18144641940126216,
      0.5599994068505725
    ],
    "(0,6,5,5)": [
      0.00906925353987792,
      0.0,
      0.0,
      0.0,
      0.0
    ],
    "(0,6,1,4)": [
      0.09046231534428313,
      0.09652591505481586,
      0.12584667533987876,
      0.7621399802900818,
      0.14937169911057976
    ],
    "(0,7,4,5)": [
      0.0,
      0.0,
      0.0,
      0.0,
      0.009229742555083922
    ],
    "(0,8,5,5)": [
      0.0,
      0.0,
      0.0,
      0.0,
      0.0
    ],
    "(0,5,2,3)": [
      0.038904144753205715,
      0.2216175528872248,
      0.05911063799107312,
      0.13996409281738098,
      0.010738752379411121
    ],
    "(0,6,2,3)": [
      0.0,
      0.02563223997175005,
      0.022818028352546094,
      0.13414802824982872,
      0.0
    ],
    "(0,7,2,3)": [
      0.01885795573700008,
      0.0,
      0.021112569649322684,
      0.0,
      0.0
    ],
    "(0,7,2,4)": [
      0.039399374354558786,
      0.004641164034063927,
      0.19581504097111882,
      0.05538985668006367,
      0.0076553698196027645
    ],
    "(0,6,4,4)": [
      0.0,
      0.07863428828135882,
      0.04021969165817243,
      0.1540973714049687,
      0.0514314113389612
    ],
    "(0,2,2,4)": [
      0.09924307166509004,
      0.15616390212403086,
      0.10423435318009827,
      0.1746340952857285,
      0.5944940518000883
    ],
    "(0,7,3,5)": [
      0.004427935342120498,
      0.06644689239593116,
      0.0,
      0.08415595849329771,
      0.034559654319442176
    ],
    "(0,3,4,4)": [
      0.13635382884537367,
      0.10733522188847701,
      0.12754783153718227,
      0.700645755920815,
      0.2323082806175252
    ],
    "(0,5,3,5)": [
      0.05434914277940403,
      0.1873346775483231,
      0.06824367057324648,
      0.05295577615177105,
      0.06972879943328648
    ],