{
  "agent_id": "agent_0",
  "action_size": 5,
  "state_size": 6,
  "epsilon": 0.9511101304657719,
  "q_table": {
    "(0,4,3,4)": [
      0.00028988401674079367,
      0.0,
      -0.0008349881063570515,
      0.0,
      0.0
    ],
    "(0,4,4,4)": [
      0.0,
      0.0051399237384356245,
      0.0,
      0.0,
      -0.003132149982034693
    ],
    "(0,5,4,4)": [
      0.00031092808431384554,
      0.0007911676825537816,
      0.0,
      0.000991185766323552,
      0.002564606654667591
    ],
    "(0,6,4,4)": [
      0.0,
      0.0011526462118632457,
      0.0012086895538403351,
      0.0,
      0.00045230267052707627
    ],
    "(0,3,3,4)": [
      0.003128581448040676,
      0.0,
      -0.0006119292988500258,
      0.0,
      0.0
    ],
    "(0,6,3,4)": [
      0.0,
      0.0,
      -4.406373900807387e-05,
      0.0,
      0.0
    ],
    "(0,5,3,4)": [
      0.0008309770510884925,
      0.0004819845496836667,
      -0.0012127503087095478,
      0.0,
      0.0
    ],
    "(0,5,4,5)": [
      0.0,
      0.00023921190058635275,
      0.0,
      0.0,
      0.0
    ],
    "(1,3,2,4)": [
      0.008342746496493128,
      0.0,
      0.00021986318989589178,
      0.0,
      0.0
    ],
    "(0,3,1,4)": [
      0.0,
      0.0,
      8.053371199575204e-05,
      0.0,
      0.0
    ],
    "(0,5,4,3)": [
      0.0,
      0.0010705301277031502,
      0.0,
      0.0,
      -0.0001473722900754181
    ],
    "(0,7,4,4)": [
      0.0,
      0.0003368530196861965,
      0.0,
      0.0,
      0.00032764499514780003
    ],
    "(0,7,3,4)": [
      0.0,
      0.0,
      -0.00011509863308392018,
      0.0,
      0.0
    ],
    "(0,3,1,3)": [
      0.0008394487664051598,
      0.0,
      0.0017677614089266535,
      0.0007204672919682965,
      0.0
    ],
    "(0,4,4,3)": [
      0.0,
      0.0,
      0.0,
      0.0,
      0.001986300314285792
    ],
    "(0,3,3,3)": [
      9.01464821601513e-05,
      0.0,
      0.0,
      0.0,
      0.0
    ],
    "(0,6,5,4)": [
      0.0,
      0.0005713633343472736,
      0.0,
      0.0,
      0.0
    ],
    "(0,6,4,5)": [
      0.0,
      0.0009344154035092322,
      0.0,
      0.0,
      0.00021543040827430088
    ],
    "(0,5,5,5)": [
      0.0,
      0.0008300791009626757,
      0.0,
      0.0,
      0.0
    ],
    "(0,3,2,3)": [
      0.003178502286531088,
      0.0,
      0.0,
      0.0,
      0.0
    ],
    "(0,5,2,3)": [
      0.0,
      0.0,
      -0.0006502619565426948,
      0.0,
      0.0
    ],
    "(0,3,4,4)": [
      0.0,
      0.005498885526243731,
      0.0,
      0.0,
      0.0
    ],
    "(0,5,5,4)": [
      0.0,
      0.0,
      0.0,
      0.0,
      -0.0015884727850703556
    ],
    "(0,2,3,3)": [
      0.0006293568248442749,
      0.0,
      0.0,
      0.0,
      0.0
    ],
    "(0,4,1,4)": [
      0.0005820581149523529,
      0.0,
      0.0001222823438716912,
      0.0,
      0.0
    ],
    "(0,2,3,4)": [
      0.0004310554090456093,
      0.0,
      0.0,
      0.0,
      0.0
    ],
    "(0,7,5,4)": [
      0.0,
      0.0,
      0.0,
      0.0,
      0.0
    ],
    "(0,6,1,4)": [
      0.0,
      0.0,
      0.0002796081265433,
      0.0,
      0.0
    ],
    "(0,6,3,3)": [
      0.0,
      0.0,
      -0.0004126060118042743,
      0.0,
      0.0
    ],
    "(0,6,4,3)": [
      0.0,
      0.0013459386916408176,
      0.0,
      0.0,
      0.0
    ],
    "(0,5,2,4)": [
      0.0,
      0.0006890589872825179,
      0.0,
      0.0,
      0.0
    ],
    "(0,5,1,3)": [
      -0.0009351876951813981,
      0.0,
      0.0,
      0.0,
      0.0
    ],
    "(0,5,3,3)": [
      0.0,
      0.0012825727766437988,
      0.0,
      0.0,
      0.0
    ],
    "(0,7,4,3)": [
      0.0,
      0.0,
      -0.0006166541292940259,
      0.0,
      0.0
    ],
    "(0,8,4,4)": [
      0.0,
      0.0,
      0.0,
      0.0,
      0.0
    ],
    "(0,2,1,4)": [
      0.0008844630402139949,
      0.0,
      0.0,
      0.0,
      0.0
    ],
    "(0,4,1,3)": [
      0.0,
      0.0,
      0.0,
      0.0,
      0.0
    ],
    "(0,5,1,4)": [
      0.0,
      0.0,
      0.0,
      0.0004813330375776716,
      0.0
    ],
    "(0,4,2,4)": [
      0.00027873853031660216,
      0.0,
      0.0,
      0.0,
      0.0
    ],
    "(0,7,5,3)": [
      0.0,
      0.0,
      0.0,
      0.0,
      0.0
    ],
    "(0,6,2,4)": [
      0.0,
      0.0,
      0.0,
      0.0,
      0.0
    ]
  }
}