{
  "agent_id": "agent_0",
  "action_size": 5,
  "state_size": 6,
  "epsilon": 0.9275689688183278,
  "q_table": {
    "(1,3,2,4)": [
      0.02836979085732374,
      0.08060294092113829,
      0.0,
      0.022230512738548206,
      0.07385114828175682
    ],
    "(0,3,1,4)": [
      0.007751177811968488,
      0.18076106319722182,
      0.00839850936612096,
      0.0,
      0.0
    ],
    "(0,4,1,4)": [
      0.044716633728939956,
      0.06527909016559737,
      0.03051117528886608,
      0.0,
      0.08664168324871556
    ],
    "(0,4,2,4)": [
      0.029043104715030948,
      0.03677412885971211,
      0.0052180025938297165,
      0.11221414943722312,
      0.04896122778414126
    ],
    "(0,5,2,4)": [
      0.033878722022273905,
      0.0029941375112670747,
      0.005574058289014754,
      0.007018565481757723,
      0.022625436507637216
    ],
    "(0,6,2,4)": [
      0.03371667133420918,
      0.016534270073073967,
      0.0,
      0.0348337043271761,
      0.030316936611551354
    ],
    "(0,8,2,5)": [
      0.0,
      0.0,
      0.0,
      0.0,
      0.021975957088599476
    ],
    "(0,7,2,5)": [
      0.0,
      0.0,
      0.04437005065341545,
      0.019314426655513754,
      0.0
    ],
    "(0,4,1,3)": [
      0.0,
      0.0,
      0.008754140249562713,
      0.0,
      0.0188840767806265
    ],
    "(0,4,2,3)": [
      0.0,
      0.0222232104005384,
      0.060284095182669126,
      0.03571928251508693,
      0.12589513858638
    ],
    "(0,4,3,3)": [
      0.0,
      0.0,
      0.0,
      0.0,
      0.04529425794413647
    ],
    "(0,4,3,4)": [
      0.03716394091823294,
      0.012485738986672375,
      0.03333484545436901,
      0.07552784508342884,
      0.031545570465626276
    ],
    "(0,5,3,3)": [
      0.0,
      0.030217931718373003,
      0.0,
      0.0,
      0.0
    ],
    "(0,6,3,4)": [
      0.0,
      0.002281753083281076,
      0.0,
      0.004245731510331908,
      0.10112102650188974
    ],
    "(0,5,3,4)": [
      0.021843380802009395,
      0.008691586988244085,
      0.027088729101366615,
      0.03554430031495862,
      0.023563450016167258
    ],
    "(0,6,2,5)": [
      0.005059400685771604,
      0.025714294475061364,
      0.008703388226566125,
      0.015609063589986991,
      0.016010775455293308
    ],
    "(0,6,4,5)": [
      0.0018772781512589002,
      0.009281212091491058,
      0.0,
      0.0,
      0.0
    ],
    "(0,7,4,4)": [
      0.0,
      0.0,
      0.0,
      0.0,
      0.0
    ],
    "(0,2,1,3)": [
      0.0,
      0.0298450397897807,
      0.03865334745447066,
      0.0,
      0.0
    ],
    "(0,5,4,4)": [
      0.004226334437964855,
      0.0,
      0.03938751931881098,
      0.0,
      0.037119957491082115
    ],
    "(0,4,5,4)": [
      0.009211782649081263,
      0.0,
      0.0,
      0.0,
      0.0
    ],
    "(0,6,5,4)": [
      0.0,
      0.0,
      0.0,
      0.01658304340437943,
      0.0
    ],
    "(0,5,5,4)": [
      0.004749219881952309,
      0.002974215740633615,
      0.0,
      0.004976680666237536,
      0.010943691590272144
    ],
    "(0,5,1,4)": [
      0.0,
      0.0,
      0.020987691844678337,
      0.060642693033714876,
      0.02641506641374551
    ],
    "(0,5,1,5)": [
      0.0,
      0.03218955255597606,
      0.0,
      0.0,
      0.022710168311789174
    ],
    "(0,6,1,5)": [
      0.0,
      0.0,
      0.020696301050980484,
      0.0,
      0.0341735827988097
    ],
    "(0,3,1,3)": [
      0.0,
      0.0,
      0.018084616539386783,
      0.0,
      0.0
    ],
    "(0,3,2,4)": [
      0.021826579748993158,
      0.023839651777566025,
      0.04047102720749403,
      0.0,
      0.0
    ],
    "(0,3,3,4)": [
      0.013374588526155692,
      0.037266175890301796,
      0.0,
      0.017406446804102978,
      0.0
    ],
    "(0,4,3,5)": [
      0.0,
      0.044897941055923596,
      0.0,
      0.0,
      0.0
    ],
    "(0,5,2,5)": [
      0.01023079144273965,
      0.0,
      0.0,
      0.0,
      0.016095494233913266
    ],
    "(0,6,3,5)": [
      0.0,
      0.0,
      0.0,
      0.0,
      0.0
    ],
    "(1,2,1,4)": [
      0.009415995028432572,
      0.0,
      0.0,
      0.0,
      0.0
    ],
    "(0,7,3,4)": [
      0.0,
      0.0029204715530562818,
      0.010427635887048125,
      0.0,
      0.0
    ],
    "(0,7,5,5)": [
      0.017540219247667427,
      0.0,
      0.0,
      0.0,
      0.0
    ],
    "(0,2,1,4)": [
      0.009129610816244603,
      0.0,
      0.0,
      0.0,
      0.0
    ],
    "(0,2,3,4)": [
      0.00830384340080952,
      0.0,
      0.0,
      0.0,
      0.0
    ],
    "(0,3,3,3)": [
      0.007185173592041983,
      0.0,
      0.0,
      0.0,
      0.0
    ],
    "(0,4,4,4)": [
      0.004198778974639281,
      0.0,
      0.0,
      0.006142695899134823,
      0.0
    ],
    "(0,6,5,5)": [
      0.0,
      0.0,
      0.0,
      0.0,
      0.0
    ],
    "(0,6,1,4)": [
      0.0,
      0.0,
      0.005589199748168662,
      0.0,
      0.0
    ],
    "(0,7,4,5)": [
      0.0,
      0.0,
      0.0,
      0.0,
      0.0
    ],
    "(0,8,5,5)": [
      0.0,
      0.0,
      0.0,
      0.0,
      0.0
    ],
    "(0,5,2,3)": [
      0.0,
      0.012376517373924655,
      0.0,
      0.0,
      0.0
    ],
    "(0,6,2,3)": [
      0.0,
      0.010937662890153924,
      0.0,
      0.012753866452605043,
      0.0
    ],
    "(0,7,2,3)": [
      0.0,
      0.0,
      0.0,
      0.0,
      0.0
    ],
    "(0,7,2,4)": [
      0.0,
      0.0,
      0.0,
      0.0,
      0.0
    ],
    "(0,6,4,4)": [
      0.0,
      0.0,
      0.0,
      0.0,
      0.0
    ],
    "(0,2,2,4)": [
      0.0,
      0.02705316769100736,
      0.0,
      0.0,
      0.0
    ],
    "(0,7,3,5)": [
      0.0,
      0.0,
      0.0,
      0.0,
      0.0
    ],
    "(0,3,4,4)": [
      0.0,
      0.0,
      0.0,
      0.0,
      0.0
    ],
    "(0,5,3,5)": [
      0.0,
      0.0,
      0.0,
      0.0,
      0.0
    ]
  }
}