{
  "agent_id": "agent_0",
  "action_size": 5,
  "state_size": 6,
  "epsilon": 0.9752487531218751,
  "q_table": {
    "(0,5,3,4)": [
      0.0,
      0.0,
      -0.00039577294192896925,
      0.0032849045763381924,
      -0.004196040716656097
    ],
    "(0,4,1,3)": [
      0.0007137855411062929,
      0.0,
      0.0,
      0.0,
      0.0
    ],
    "(0,4,1,4)": [
      0.0010269855327241055,
      0.0,
      0.00028657057423870714,
      0.0002378644864011493,
      0.0
    ],
    "(0,5,4,3)": [
      0.0,
      0.00030430012918428254,
      0.0,
      0.0,
      0.0
    ],
    "(0,5,4,4)": [
      0.0,
      0.00287652454113758,
      0.0,
      0.0,
      0.000209102885808395
    ],
    "(0,2,3,4)": [
      0.0023247764746403177,
      0.0,
      0.0,
      0.0,
      0.0
    ],
    "(0,4,3,4)": [
      0.0008984547527360668,
      0.0,
      -0.00010672247566308154,
      0.0,
      0.0
    ],
    "(0,5,5,4)": [
      0.0,
      0.0027238984517974837,
      0.0,
      0.0,
      0.0
    ],
    "(0,6,4,5)": [
      0.0,
      0.0,
      0.0,
      0.0,
      0.0
    ],
    "(0,6,3,4)": [
      0.0,
      0.0,
      -0.0002026328168316069,
      0.0,
      -0.003705512839068281
    ],
    "(0,6,4,4)": [
      0.0,
      0.0005969249593094688,
      0.0,
      0.0,
      0.0017707805493346349
    ],
    "(0,7,4,4)": [
      0.0,
      -0.003923174596653714,
      0.0,
      0.0,
      0.0
    ],
    "(0,5,1,4)": [
      0.0,
      0.0,
      0.0008746798184266309,
      0.0,
      0.0
    ],
    "(1,3,2,4)": [
      0.005964873300684288,
      0.0,
      4.418591067242425e-05,
      0.0,
      0.0
    ],
    "(0,7,3,4)": [
      0.0,
      0.0,
      0.0,
      0.0,
      0.0
    ],
    "(0,5,2,4)": [
      0.0,
      0.0,
      -0.00010603728478491028,
      0.0,
      0.0
    ],
    "(0,6,3,3)": [
      0.0,
      0.00020272014174762312,
      0.0,
      0.0,
      0.0
    ],
    "(0,7,4,3)": [
      0.0,
      0.0,
      0.0,
      0.0011005600628215522,
      0.0
    ],
    "(0,4,4,4)": [
      0.0,
      0.0005865985071982362,
      0.0,
      0.0,
      0.0
    ]
  }
}