{
  "agent_id": "agent_0",
  "action_size": 5,
  "state_size": 6,
  "epsilon": 0.1912566947289212,
  "q_table": {
    "(0,5,3,4)": [
      0.008022158970525928,
      0.030732110935805253,
      -0.018741412683649022,
      0.01973007154521932,
      -0.011788708966279815
    ],
    "(0,4,1,3)": [
      0.012608976626170066,
      0.03133206779664145,
      0.006085161578443379,
      0.0,
      0.000473555562437751
    ],
    "(0,4,1,4)": [
      -0.05913172395368892,
      0.05537368759868937,
      0.015160644976066825,
      0.003215832994422881,
      0.006023021468964122
    ],
    "(0,5,4,3)": [
      0.0,
      0.011518073507545804,
      -0.0005102766276453264,
      0.0,
      0.0
    ],
    "(0,5,4,4)": [
      0.0,
      0.05347383251352375,
      -0.02181155839332336,
      0.0,
      0.004477873254533562
    ],
    "(0,2,3,4)": [
      0.008717661227379585,
      0.0,
      0.0,
      0.0,
      0.0
    ],
    "(0,4,3,4)": [
      0.01044982179232421,
      0.002569808458389726,
      -0.004456020442378998,
      0.0,
      0.0
    ],
    "(0,5,5,4)": [
      0.0,
      0.03176680556473187,
      0.0,
      0.0,
      0.0
    ],
    "(0,6,4,5)": [
      0.0,
      0.007021795299106456,
      0.0,
      0.0007008943690769703,
      0.0
    ],
    "(0,6,3,4)": [
      0.003583185297434574,
      0.05687023937990934,
      -0.022460420396446926,
      0.006682054821174501,
      -0.0022015702017018357
    ],
    "(0,6,4,4)": [
      0.0,
      0.013921216863425153,
      -0.010233448062193598,
      0.0,
      0.009365603402545237
    ],
    "(0,7,4,4)": [
      0.007668539626832121,
      0.0036284948377328483,
      -0.03130883434318539,
      0.002192215660681396,
      0.0018279165297298977
    ],
    "(0,5,1,4)": [
      -0.15256486565443553,
      0.1415069077987224,
      0.03736975285508907,
      0.0010895087347126864,
      0.007498625991112794
    ],
    "(1,3,2,4)": [
      0.29877842134525584,
      0.015697963725307563,
      0.001276411010591167,
      0.006477239020586337,
      0.007417238549970085
    ],
    "(0,7,3,4)": [
      0.0024493445100475333,
      0.000601697170347996,
      -0.13184643648908706,
      0.008692077548975668,
      0.002680005484924869
    ],
    "(0,5,2,4)": [
      0.01059816245227147,
      0.05397265475398223,
      -0.006768923608782996,
      0.0005244875732846583,
      -0.0010090194950079703
    ],
    "(0,6,3,3)": [
      0.0,
      0.01685379410650891,
      -0.00733748363345402,
      0.0,
      0.0
    ],
    "(0,7,4,3)": [
      0.0,
      0.003558513984686789,
      -0.00785393021129066,
      0.01100510538939374,
      0.0009197538221091063
    ],
    "(0,4,4,4)": [
      -1.451208849366864e-05,
      0.009337677698825365,
      0.0,
      0.0,
      0.0
    ],
    "(0,7,4,5)": [
      0.0015652260344680585,
      0.004741068510401694,
      -0.005906606438759568,
      0.0,
      0.0
    ],
    "(0,6,5,4)": [
      0.0,
      -0.006263024210338485,
      0.0,
      0.0,
      0.0
    ],
    "(0,5,1,3)": [
      -0.1039515296547608,
      0.05507009897416684,
      0.008543346485292012,
      0.0016257511262851112,
      0.002813592658634775
    ],
    "(0,6,1,3)": [
      -0.004919072602510196,
      0.07030523834316439,
      0.023229793485998552,
      0.0048026460842649134,
      0.0
    ],
    "(0,5,3,3)": [
      0.004359154982982301,
      0.004625458148201234,
      -0.0014287450995225757,
      0.00297587634626089,
      0.0
    ],
    "(0,3,1,4)": [
      0.08714980473877713,
      0.018882681597920423,
      0.001495795972248561,
      0.001213441101324367,
      0.001756169037665538
    ],
    "(0,6,1,4)": [
      -0.01897618952687277,
      0.1173533700716322,
      0.08002575868679067,
      0.0016356528439969986,
      0.004561381847553382
    ],
    "(0,7,3,3)": [
      0.0,
      0.0,
      -0.06521800889886328,
      0.0032800706212489364,
      0.0013351898225095326
    ],
    "(0,8,4,4)": [
      0.0035459589649412208,
      0.00015204372998031017,
      -0.0040153197612858875,
      0.0,
      0.0
    ],
    "(0,7,5,3)": [
      0.0,
      0.005400512892627747,
      0.0,
      0.0,
      0.0003605846927231249
    ],
    "(0,6,2,3)": [
      0.0,
      0.01825060058984452,
      -0.004166775806701828,
      0.0,
      0.0
    ],
    "(0,7,2,3)": [
      0.0,
      0.0,
      -0.005601060123095379,
      0.0,
      0.0
    ],
    "(0,6,3,5)": [
      0.0,
      0.003270048232474302,
      -0.001423002547676732,
      0.0,
      0.005337980231754889
    ],
    "(0,6,2,4)": [
      0.00396518853993957,
      0.06621995851610037,
      -0.013512593161095548,
      0.007848280805061478,
      -0.006898718940899172
    ],
    "(1,2,1,4)": [
      0.00362705048726901,
      0.0,
      0.0,
      0.0,
      0.0
    ],
    "(0,7,2,5)": [
      0.0,
      0.0,
      -0.005923252499080191,
      0.0,
      -0.004117663552204229
    ],
    "(0,7,3,5)": [
      0.0008060516221442014,
      0.0010607128793900362,
      -0.033967985752990405,
      0.0,
      0.0
    ],
    "(0,7,2,4)": [
      0.006467660387065365,
      0.0025178901400006127,
      -0.03299868140488493,
      0.0019218257820968108,
      -0.0016686390123560589
    ],
    "(0,7,1,4)": [
      0.0,
      -0.03183118479417834,
      0.056709296064754375,
      0.0005762210078084438,
      -0.06357453428960338
    ],
    "(0,8,5,4)": [
      0.0,
      0.0009968131598641925,
      -0.006684175460051379,
      0.0,
      0.0
    ],
    "(0,7,1,3)": [
      0.0002709262282158057,
      0.0013040186616546142,
      0.032668821769378506,
      0.0,
      -0.005005052071519606
    ],
    "(0,7,5,4)": [
      0.003213915235983806,
      0.012181956061064116,
      -0.009586200250914362,
      0.0,
      0.004076065618861999
    ],
    "(0,3,1,3)": [
      0.05611600770871332,
      0.00550445323455713,
      4.294131187746313e-05,
      0.0018470657453644882,
      0.0013036635537042305
    ],
    "(0,8,6,4)": [
      0.0,
      0.0,
      0.0,
      0.0,
      0.0
    ],
    "(0,3,2,4)": [
      0.012828258999580946,
      0.0,
      0.0,
      0.0,
      0.0009084553259618375
    ],
    "(0,8,4,3)": [
      0.0,
      0.0005294269034003423,
      0.0,
      0.0,
      0.0
    ],
    "(0,6,2,5)": [
      0.0,
      0.002975681166582183,
      -0.001888931533857445,
      0.0,
      0.0
    ],
    "(0,2,1,4)": [
      0.008645078247335725,
      0.006520650330725009,
      0.0,
      0.0,
      0.0
    ],
    "(0,8,2,4)": [
      0.0,
      0.0,
      -0.003993382524731431,
      0.0,
      -0.00047323188037472094
    ],
    "(0,8,2,3)": [
      0.0,
      0.0,
      -0.0010777530519763129,
      0.0,
      0.0
    ],
    "(0,8,3,3)": [
      0.0,
      0.0,
      -0.0036081813404961168,
      0.0,
      0.0
    ],
    "(0,8,1,4)": [
      0.0,
      -0.028139194085816457,
      0.0032751781632482024,
      0.0,
      -0.039922333021304705
    ],
    "(0,4,2,4)": [
      0.0023575031653003745,
      0.005048771817799471,
      -9.969220071333665e-05,
      0.002921187507489889,
      0.0
    ],
    "(0,8,3,4)": [
      0.0,
      0.0014324904166503733,
      -0.003954403348341869,
      0.0,
      0.0
    ],
    "(0,9,1,4)": [
      0.0,
      0.0,
      0.0,
      0.0,
      -0.0004916455619052072
    ],
    "(0,7,5,5)": [
      0.0,
      0.0031853576848668887,
      0.0,
      0.0,
      0.0
    ],
    "(0,8,4,5)": [
      0.0,
      -0.0008393660974714966,
      -0.0006358289800681529,
      0.0,
      0.0
    ],
    "(0,6,6,4)": [
      0.0,
      0.0,
      0.0,
      0.0,
      0.0
    ],
    "(0,5,3,5)": [
      0.0,
      0.00036548444842443735,
      -0.0012175602612924856,
      0.0,
      0.0
    ],
    "(0,5,4,5)": [
      0.0,
      0.0007466211859419305,
      0.0,
      0.0,
      0.0
    ],
    "(0,9,4,5)": [
      0.0,
      0.0,
      0.0,
      0.0,
      0.0
    ],
    "(0,5,2,3)": [
      0.0,
      0.002847722674648154,
      -0.0006592111788570585,
      0.0,
      0.0
    ],