{
  "agent_id": "agent_0",
  "action_size": 5,
  "state_size": 6,
  "epsilon": 0.13601479046086049,
  "q_table": {
    "(1,3,2,4)": [
      0.9787408483540126,
      3.495134552354528,
      0.7306607387033321,
      0.6298105825831032,
      0.753111934270959
    ],
    "(0,3,1,4)": [
      0.6079166698137106,
      2.7421448497561207,
      0.7098182924467524,
      0.775998811703004,
      0.7592217533195298
    ],
    "(0,4,1,4)": [
      0.7648503689752382,
      2.3876234656167035,
      0.8114775161380415,
      0.7790029176430417,
      1.0332655011753027
    ],
    "(0,4,2,4)": [
      0.5529869481801324,
      0.7066892925423985,
      0.36809246360775,
      2.7056694034295674,
      0.5681531609144125
    ],
    "(0,5,2,4)": [
      0.35545157293108676,
      0.33917845553386095,
      0.6377308903451946,
      1.7483083276432565,
      0.4517295555634532
    ],
    "(0,6,2,4)": [
      0.25552572871675855,
      0.2098555849035595,
      0.17516622894686226,
      1.2708838577165253,
      0.273574118301392
    ],
    "(0,8,2,5)": [
      0.0038561539462770617,
      0.00888970179111817,
      0.0,
      0.009470724718602047,
      0.05605410356380864
    ],
    "(0,7,2,5)": [
      0.013523801429479187,
      0.01414022429271314,
      0.22639568572790195,
      0.07076603923645891,
      0.013194160137203731
    ],
    "(0,4,1,3)": [
      0.03852969509581502,
      0.08763070107852167,
      0.6440950212778559,
      0.033537026447785695,
      0.12042207629680948
    ],
    "(0,4,2,3)": [
      0.2082873421174042,
      0.19943989913957053,
      0.19484756191346528,
      0.31724445344857743,
      1.2140733707298355
    ],
    "(0,4,3,3)": [
      0.03867006625928981,
      0.0893053771860403,
      0.12560127831203902,
      0.17921005204155255,
      0.5085321857588292
    ],
    "(0,4,3,4)": [
      0.3757617007083202,
      0.47502637069603515,
      0.44316668227079725,
      2.1778200712841103,
      0.4323433299641206
    ],
    "(0,5,3,3)": [
      0.0,
      0.2138111739262284,
      0.013648937195490932,
      0.0,
      0.027758146435466903
    ],
    "(0,6,3,4)": [
      0.1257574367133311,
      0.1663777372985262,
      0.07715048023829596,
      0.09909102179566465,
      0.646242666424919
    ],
    "(0,5,3,4)": [
      0.32484127203489505,
      0.3650892870233754,
      0.32422754000559373,
      1.7419371446759682,
      0.29894249497606695
    ],
    "(0,6,2,5)": [
      0.2396381809815898,
      0.08090416225639065,
      0.06214360295955571,
      0.10043852561631796,
      0.08369885282147202
    ],
    "(0,6,4,5)": [
      0.02208971273270978,
      0.08538927188359413,
      0.011726568529301627,
      0.091215823963255,
      0.0033373155159029445
    ],
    "(0,7,4,4)": [
      0.03602608983173355,
      0.022013632372081218,
      0.019940070603971922,
      0.1219787327230289,
      0.02101280359073917
    ],
    "(0,2,1,3)": [
      0.0,
      0.1258907709476083,
      0.2698017103542956,
      0.021578645750803257,
      0.09292389529390016
    ],
    "(0,5,4,4)": [
      0.056048692236283566,
      0.1340485851224614,
      0.2667759763851961,
      0.0665985227125476,
      0.1204576529214252
    ],
    "(0,4,5,4)": [
      0.10390497067341724,
      0.02214068476133502,
      0.0,
      0.028529254180804077,
      0.03650922551127105
    ],
    "(0,6,5,4)": [
      0.0,
      0.006278173612465341,
      0.0,
      0.11743448621737367,
      0.021274016188917173
    ],
    "(0,5,5,4)": [
      0.03814480772843251,
      0.1252407126268923,
      0.03256591842126712,
      0.21298055392981521,
      0.06394473242711622
    ],
    "(0,5,1,4)": [
      0.5248847183399437,
      0.42228400162411384,
      0.5683165149875504,
      4.052850317397295,
      0.7309853214716635
    ],
    "(0,5,1,5)": [
      0.09178914590779248,
      0.499528060100509,
      0.03983337978998104,
      0.049376899698168,
      0.14172593893850027
    ],
    "(0,6,1,5)": [
      0.050883710052614196,
      0.011625441542510353,
      0.08890369358386906,
      0.12366347642123836,
      0.9855706110432462
    ],
    "(0,3,1,3)": [
      0.38276488045725626,
      0.41266007217630024,
      0.5117168749357263,
      0.6662579902481863,
      2.3111119469898127
    ],
    "(0,3,2,4)": [
      0.13954190431342312,
      0.15623728236873508,
      1.058696883023315,
      0.08616717873497814,
      0.11783552598377015
    ],
    "(0,3,3,4)": [
      0.4978763308520874,
      0.46020746000665963,
      0.5175601613231999,
      2.1303063718535578,
      0.5236965845303092
    ],
    "(0,4,3,5)": [
      0.050759827651379326,
      0.39090739036644606,
      0.13693700667295675,
      0.16180576579390124,
      0.018188327168093543
    ],
    "(0,5,2,5)": [
      0.10640206502433394,
      0.06533169991765223,
      0.0749900381009407,
      0.08313393060163946,
      0.4109835602337456
    ],
    "(0,6,3,5)": [
      0.04871904506569779,
      0.26461411943603663,
      0.04397817795015627,
      0.048266595940372824,
      0.022658318554347894
    ],
    "(1,2,1,4)": [
      0.057409641435928,
      0.09922498192647329,
      0.059471524504485396,
      0.13347474085678926,
      0.1823646911454676
    ],
    "(0,7,3,4)": [
      0.013463231533501718,
      0.08520316675706649,
      0.17378057679635406,
      0.055160447019949675,
      0.031644616483452896
    ],
    "(0,7,5,5)": [
      0.02999395012785052,
      0.0,
      0.0,
      0.0,
      0.0
    ],
    "(0,2,1,4)": [
      0.21512388007704758,
      0.07291634299568159,
      0.254751003896299,
      0.17475185716962655,
      0.9557628200026423
    ],
    "(0,2,3,4)": [
      0.405450640182091,
      0.046793836067216016,
      0.13824483968085877,
      0.12286073585797413,
      0.20481681999786724
    ],
    "(0,3,3,3)": [
      0.3079619733962266,
      0.0987641337816023,
      0.04610387883528426,
      0.0629030534409156,
      0.12360901224794653
    ],
    "(0,4,4,4)": [
      0.1628847731973942,
      0.08920116508360017,
      0.15075819751483646,
      0.23079402545552677,
      0.7573681200715894
    ],
    "(0,6,5,5)": [
      0.013597079503885775,
      0.0,
      0.005667235377923459,
      0.0,
      0.0
    ],
    "(0,6,1,4)": [
      0.13926594049991228,
      0.1244713767044464,
      0.1660262776479132,
      1.4376308804385363,
      0.16405573794802347
    ],
    "(0,7,4,5)": [
      0.0,
      0.003919672992972202,
      0.0,
      0.0,
      0.021010041785736663
    ],
    "(0,8,5,5)": [
      0.0,
      0.0,
      0.0,
      0.0,
      0.0
    ],
    "(0,5,2,3)": [
      0.04281004198908522,
      0.31721275978204927,
      0.0717057109853396,
      0.16348754165398535,
      0.010738752379411121
    ],
    "(0,6,2,3)": [
      0.0,
      0.03122475838615036,
      0.029891367559008213,
      0.18510324181775578,
      0.0
    ],
    "(0,7,2,3)": [
      0.01885795573700008,
      0.0,
      0.021112569649322684,
      0.0,
      0.0
    ],
    "(0,7,2,4)": [
      0.05120120628661877,
      0.008681581464668044,
      0.23224310018665864,
      0.05538985668006367,
      0.0076553698196027645
    ],
    "(0,6,4,4)": [
      0.010136649873810672,
      0.09259294147304648,
      0.05530379688382177,
      0.20234770258557125,
      0.06204142069785924
    ],
    "(0,2,2,4)": [
      0.09924307166509004,
      0.2218813333874135,
      0.11066847961763913,
      0.19332125278547604,
      0.854965062698322
    ],
    "(0,7,3,5)": [
      0.019169055179730162,
      0.10085521682186976,
      0.0024742509012876117,
      0.22655948907538254,
      0.038639628454966865
    ],
    "(0,3,4,4)": [
      0.1709161296689289,
      0.1448303913644954,
      0.18068728619354119,
      0.8682332112196289,
      0.26391996771086923
    ],
    "(0,5,3,5)": [
      0.060968350219896765,
      0.2999301259683129,
      0.09887397953000984,
      0.0688955101832936,
      0.08251173617479259
    ],