{
  "agent_id": "agent_0",
  "action_size": 5,
  "state_size": 6,
  "epsilon": 0.5732736268885887,
  "q_table": {
    "(1,3,2,4)": [
      0.4388977028038842,
      0.9656818788123434,
      0.2230074666870949,
      0.2308915319623597,
      0.3143934691902174
    ],
    "(0,3,1,4)": [
      0.22765400971222294,
      0.7070894853221683,
      0.36080625587002213,
      0.2113119450315134,
      0.14784758145282825
    ],
    "(0,4,1,4)": [
      0.2730894131818784,
      0.4997066190928905,
      0.2930291260239827,
      0.2069333394712948,
      0.39620246587818936
    ],
    "(0,4,2,4)": [
      0.14729195462694025,
      0.25533758545511426,
      0.10530117606150431,
      0.7478739145558162,
      0.21452365359919084
    ],
    "(0,5,2,4)": [
      0.13828487651776378,
      0.08488052646236872,
      0.21296983145369355,
      0.2234123158368165,
      0.12528660721581458
    ],
    "(0,6,2,4)": [
      0.11366812218771569,
      0.10230953559188391,
      0.04148592626143209,
      0.2612691103948742,
      0.16597959415124686
    ],
    "(0,8,2,5)": [
      0.0,
      0.005929432082420133,
      0.0,
      0.00473318455724685,
      0.034648881346386044
    ],
    "(0,7,2,5)": [
      0.0,
      0.0034596079543393367,
      0.09997233035446661,
      0.029002305616166724,
      0.0
    ],
    "(0,4,1,3)": [
      0.007015795549135567,
      0.0,
      0.11728991005329267,
      0.010480686070881717,
      0.04743172384595388
    ],
    "(0,4,2,3)": [
      0.09582132474574072,
      0.07088058674116529,
      0.11534874071421872,
      0.09036767370092764,
      0.31759972523257235
    ],
    "(0,4,3,3)": [
      0.0,
      0.006149080170564076,
      0.014137616383583133,
      0.025827961023853898,
      0.12146624123271602
    ],
    "(0,4,3,4)": [
      0.1374269836773574,
      0.1781437406609434,
      0.1636683853263534,
      0.5159821419335435,
      0.23659177099143286
    ],
    "(0,5,3,3)": [
      0.0,
      0.08273547958369759,
      0.0,
      0.0,
      0.0
    ],
    "(0,6,3,4)": [
      0.04726890910439266,
      0.06585860094722153,
      0.029204987362001417,
      0.04600514243015982,
      0.2898239295987611
    ],
    "(0,5,3,4)": [
      0.13674457637125764,
      0.10385527146940234,
      0.14757326927851303,
      0.3406826223107978,
      0.10208121386144696
    ],
    "(0,6,2,5)": [
      0.06746813326378846,
      0.05449698066547825,
      0.045870935256224855,
      0.051583574577506744,
      0.03729850771732102
    ],
    "(0,6,4,5)": [
      0.009794017257228563,
      0.0333918221530588,
      0.0,
      0.03430006602791529,
      0.0
    ],
    "(0,7,4,4)": [
      0.010630418928687865,
      0.0,
      0.008978901680994304,
      0.017935991530675544,
      0.0035577973924096093
    ],
    "(0,2,1,3)": [
      0.0,
      0.07011794892079928,
      0.12500103237751586,
      0.0,
      0.031198674174222427
    ],
    "(0,5,4,4)": [
      0.02694268451071839,
      0.05415151288979335,
      0.12630635913830146,
      0.018075428110259827,
      0.06667825642212726
    ],
    "(0,4,5,4)": [
      0.04761668452341069,
      0.004669184638109839,
      0.0,
      0.011357279099943248,
      0.00604067899984421
    ],
    "(0,6,5,4)": [
      0.0,
      0.0,
      0.0,
      0.049719563696207836,
      0.015210921559867904
    ],
    "(0,5,5,4)": [
      0.021296851104795834,
      0.04059614200442662,
      0.003466538458510161,
      0.05263344896295122,
      0.025734798707308045
    ],
    "(0,5,1,4)": [
      0.07466027115485636,
      0.048459951479555494,
      0.1975331982876609,
      0.31635787890531164,
      0.140608993185055
    ],
    "(0,5,1,5)": [
      0.01863615350364907,
      0.08004341240406644,
      0.0,
      0.0,
      0.052953183140271816
    ],
    "(0,6,1,5)": [
      0.0,
      0.0,
      0.04146367298190517,
      0.0,
      0.072215674029651
    ],
    "(0,3,1,3)": [
      0.11921320388029084,
      0.019033853336480788,
      0.12236298096466738,
      0.20659292715447014,
      0.31688258139572
    ],
    "(0,3,2,4)": [
      0.06635203375548826,
      0.0652323382985691,
      0.2559357029416421,
      0.05800757740359477,
      0.009197987329026028
    ],
    "(0,3,3,4)": [
      0.10947018236961639,
      0.19649355427042467,
      0.2060879627444021,
      0.41014950170159453,
      0.16275481809498688
    ],
    "(0,4,3,5)": [
      0.011620991863765383,
      0.15778495166555265,
      0.05844128570526276,
      0.10467967591942993,
      0.006911912739497895
    ],
    "(0,5,2,5)": [
      0.044622797391749715,
      0.0,
      0.019442261000856824,
      0.019003835913780937,
      0.08151769410478173
    ],
    "(0,6,3,5)": [
      0.023403735496458824,
      0.06078801221574419,
      0.008083460852255833,
      0.005359412800983736,
      0.0
    ],
    "(1,2,1,4)": [
      0.02831607534687003,
      0.042356900503541656,
      0.03918541396740486,
      0.08896272651809184,
      0.08496630557990717
    ],
    "(0,7,3,4)": [
      0.002256513193189496,
      0.04013951989109239,
      0.0680119216866242,
      0.01957256767336015,
      0.008059000236795774
    ],
    "(0,7,5,5)": [
      0.025019932502556835,
      0.0,
      0.0,
      0.0,
      0.0
    ],
    "(0,2,1,4)": [
      0.08343018216138087,
      0.0,
      0.07511046142462749,
      0.09831213930717767,
      0.11333856113439561
    ],
    "(0,2,3,4)": [
      0.13887073807396674,
      0.026768706523002436,
      0.09612946868035982,
      0.029915089641254784,
      0.047497781449503805
    ],
    "(0,3,3,3)": [
      0.08019035846084825,
      0.03846528379835563,
      0.02936137605833586,
      0.02592871670145809,
      0.03040222750225701
    ],
    "(0,4,4,4)": [
      0.07039535255861404,
      0.04736565105823412,
      0.03423374998268443,
      0.08076421804496484,
      0.25214885744916066
    ],
    "(0,6,5,5)": [
      0.0,
      0.0,
      0.0,
      0.0,
      0.0
    ],
    "(0,6,1,4)": [
      0.02005904147382458,
      0.02982307782801425,
      0.05716250979001249,
      0.1542913410258467,
      0.055467623566349544
    ],
    "(0,7,4,5)": [
      0.0,
      0.0,
      0.0,
      0.0,
      0.009229742555083922
    ],
    "(0,8,5,5)": [
      0.0,
      0.0,
      0.0,
      0.0,
      0.0
    ],
    "(0,5,2,3)": [
      0.0055583287858610815,
      0.10820501712739347,
      0.01026647066972237,
      0.07070563870394331,
      0.0
    ],
    "(0,6,2,3)": [
      0.0,
      0.02563223997175005,
      0.0,
      0.082501831999175,
      0.0
    ],
    "(0,7,2,3)": [
      0.0,
      0.0,
      0.013981858651198503,
      0.0,
      0.0
    ],
    "(0,7,2,4)": [
      0.011042305564917237,
      0.0023099759458931474,
      0.08293135079122681,
      0.01456157364392395,
      0.003248388765959063
    ],
    "(0,6,4,4)": [
      0.0,
      0.02467734067450798,
      0.017078422829496426,
      0.05041244158944289,
      0.0242842951648624
    ],
    "(0,2,2,4)": [
      0.017635973768616343,
      0.0718470647685362,
      0.026020548150233712,
      0.0,
      0.18435485470129945
    ],
    "(0,7,3,5)": [
      0.0,
      0.019804686270708388,
      0.0,
      0.03234371124239494,
      0.003993826276554326
    ],
    "(0,3,4,4)": [
      0.06702937882235992,
      0.06766997766682546,
      0.058521502355696434,
      0.22055126137379263,
      0.10082621281705845
    ],
    "(0,5,3,5)": [
      0.013745618112515241,
      0.06549031268584733,
      0.035687261770917855,
      0.014735020808661275,
      0.0193314442169003
    ],
    "(0,4,2,5)": [
      0.0,
      0.0,
      0.04433760686032286,
      0.0,
      0.037562818661272326
    ],
    "(0,4,4,5)": [
      0.04211656491228538,
      0.006776087992357139,
      0.09180003802731156,
      0.007330978932508646,
      0.02371903326271745
    ],
    "(0,5,4,5)": [
      0.023915590376489777,
      0.01299724807122598,
      0.03309750512657849,
      0.045777752785976684,
      0.040782095894780095
    ],