{
  "agent_id": "agent_0",
  "action_size": 5,
  "state_size": 6,
  "epsilon": 0.6935613678313175,
  "q_table": {
    "(1,3,2,4)": [
      0.30874595058072285,
      0.6079542322072282,
      0.13605270567132155,
      0.1434943090064575,
      0.24166061588902074
    ],
    "(0,3,1,4)": [
      0.15884972606926168,
      0.4931532243359955,
      0.22129904945023865,
      0.12650307923642817,
      0.06888181637543751
    ],
    "(0,4,1,4)": [
      0.19243610012557721,
      0.2590186389019381,
      0.2124211339782944,
      0.15070184433504855,
      0.2325669319589991
    ],
    "(0,4,2,4)": [
      0.1357285520875744,
      0.1530584950950053,
      0.07870923823001363,
      0.6013505783881081,
      0.18048585728807334
    ],
    "(0,5,2,4)": [
      0.08792869232387185,
      0.036445403358033854,
      0.1535477619945364,
      0.11139282271135721,
      0.09926108877770316
    ],
    "(0,6,2,4)": [
      0.08288463953981297,
      0.07120195350230005,
      0.02559444493358016,
      0.16164237705796078,
      0.11942535461321852
    ],
    "(0,8,2,5)": [
      0.0,
      0.005929432082420133,
      0.0,
      0.00473318455724685,
      0.034648881346386044
    ],
    "(0,7,2,5)": [
      0.0,
      0.0,
      0.08410276796055749,
      0.029002305616166724,
      0.0
    ],
    "(0,4,1,3)": [
      0.0,
      0.0,
      0.0594969415469332,
      0.0,
      0.04743172384595388
    ],
    "(0,4,2,3)": [
      0.0639036178618121,
      0.051198114458500775,
      0.10855988141496116,
      0.08094811172704042,
      0.24676188796400927
    ],
    "(0,4,3,3)": [
      0.0,
      0.0,
      0.0,
      0.0,
      0.08326100656200379
    ],
    "(0,4,3,4)": [
      0.10000101269291925,
      0.10747303224870511,
      0.11822464930498491,
      0.3716584881384981,
      0.16035932343828285
    ],
    "(0,5,3,3)": [
      0.0,
      0.07170789104003947,
      0.0,
      0.0,
      0.0
    ],
    "(0,6,3,4)": [
      0.019534426796576118,
      0.03730100483407234,
      0.009238921008056025,
      0.036328058109573645,
      0.24990310682720612
    ],
    "(0,5,3,4)": [
      0.09250211736810134,
      0.05520660210683078,
      0.13221005097403318,
      0.20343969350420218,
      0.08220956144247907
    ],
    "(0,6,2,5)": [
      0.04996361622934089,
      0.04566853083586174,
      0.039336568231920346,
      0.04201382704098261,
      0.03055231425551386
    ],
    "(0,6,4,5)": [
      0.0056262044966010755,
      0.024137537694664552,
      0.0,
      0.013698922905588568,
      0.0
    ],
    "(0,7,4,4)": [
      0.005980677994626922,
      0.0,
      0.00598892841887861,
      0.01317202414937239,
      0.0
    ],
    "(0,2,1,3)": [
      0.0,
      0.060048404197262636,
      0.115566649855627,
      0.0,
      0.031198674174222427
    ],
    "(0,5,4,4)": [
      0.021793174274221845,
      0.02971212721110588,
      0.09795148319146957,
      0.012055613008348239,
      0.05834582995695439
    ],
    "(0,4,5,4)": [
      0.03639247162203804,
      0.0,
      0.0,
      0.011357279099943248,
      0.0
    ],
    "(0,6,5,4)": [
      0.0,
      0.0,
      0.0,
      0.0441979511152221,
      0.0030482747680077252
    ],
    "(0,5,5,4)": [
      0.021296851104795834,
      0.02494361486197454,
      0.003466538458510161,
      0.03160141490619724,
      0.025734798707308045
    ],
    "(0,5,1,4)": [
      0.032301193407905715,
      0.027032812164642574,
      0.15673494268063082,
      0.16354505689867208,
      0.07677243789532877
    ],
    "(0,5,1,5)": [
      0.0061496090203924285,
      0.06356044812573496,
      0.0,
      0.0,
      0.052953183140271816
    ],
    "(0,6,1,5)": [
      0.0,
      0.0,
      0.03730426278471208,
      0.0,
      0.05690859887340024
    ],
    "(0,3,1,3)": [
      0.03219178719877246,
      0.009472737315541983,
      0.06987089018495854,
      0.09191477623436642,
      0.17987644337600853
    ],
    "(0,3,2,4)": [
      0.06635203375548826,
      0.04830777482992599,
      0.14629157548688876,
      0.03956570251414672,
      0.0
    ],
    "(0,3,3,4)": [
      0.06246498864981534,
      0.1532862920952643,
      0.12260131127783179,
      0.24788980242886244,
      0.07964662428242203
    ],
    "(0,4,3,5)": [
      0.011620991863765383,
      0.09858076531563933,
      0.03931123138670147,
      0.056806123801898124,
      0.006911912739497895
    ],
    "(0,5,2,5)": [
      0.042052548694922164,
      0.0,
      0.014568959619090775,
      0.019003835913780937,
      0.0450516819785308
    ],
    "(0,6,3,5)": [
      0.020274103577778802,
      0.031123025304900236,
      0.004039796976388262,
      0.0,
      0.0
    ],
    "(1,2,1,4)": [
      0.02831607534687003,
      0.0208996325451637,
      0.019577256132361817,
      0.06672482009973137,
      0.06373011717119387
    ],
    "(0,7,3,4)": [
      0.0,
      0.03377135459443443,
      0.04426470869963166,
      0.005156908079852894,
      0.0
    ],
    "(0,7,5,5)": [
      0.025019932502556835,
      0.0,
      0.0,
      0.0,
      0.0
    ],
    "(0,2,1,4)": [
      0.06433609391927356,
      0.0,
      0.0375415410418971,
      0.08740581254988752,
      0.07221308299660863
    ],
    "(0,2,3,4)": [
      0.08023375998134982,
      0.026768706523002436,
      0.04432309629026821,
      0.01052103765131139,
      0.047497781449503805
    ],
    "(0,3,3,3)": [
      0.05765986088133118,
      0.02270269077100099,
      0.0,
      0.02592871670145809,
      0.00864308075082563
    ],
    "(0,4,4,4)": [
      0.0532059661011367,
      0.03183125187772691,
      0.015215455166700049,
      0.06139410680680913,
      0.13055448643795692
    ],
    "(0,6,5,5)": [
      0.0,
      0.0,
      0.0,
      0.0,
      0.0
    ],
    "(0,6,1,4)": [
      0.014716763082023838,
      0.01168007567231117,
      0.036660939294333277,
      0.05759665260812981,
      0.013719692738667631
    ],
    "(0,7,4,5)": [
      0.0,
      0.0,
      0.0,
      0.0,
      0.0
    ],
    "(0,8,5,5)": [
      0.0,
      0.0,
      0.0,
      0.0,
      0.0
    ],
    "(0,5,2,3)": [
      0.0,
      0.06622494779437155,
      0.01026647066972237,
      0.03531000606754123,
      0.0
    ],
    "(0,6,2,3)": [
      0.0,
      0.02187872903265668,
      0.0,
      0.06985782327225884,
      0.0
    ],
    "(0,7,2,3)": [
      0.0,
      0.0,
      0.010471438832927048,
      0.0,
      0.0
    ],
    "(0,7,2,4)": [
      0.006367182691640513,
      0.0,
      0.05149228214016225,
      0.0,
      0.0
    ],
    "(0,6,4,4)": [
      0.0,
      0.008918100596479177,
      0.009618259214995484,
      0.046197731510592935,
      0.016178659675814253
    ],
    "(0,2,2,4)": [
      0.008442999913414143,
      0.05414562603308376,
      0.0,
      0.0,
      0.07647454850876073
    ],
    "(0,7,3,5)": [
      0.0,
      0.012148722884635137,
      0.0,
      0.021800235860412246,
      0.0
    ],
    "(0,3,4,4)": [
      0.04638941031947857,
      0.02771568518392498,
      0.018625523990656555,
      0.10805579395542415,
      0.06383345599372188
    ],
    "(0,5,3,5)": [
      0.009475620294488535,
      0.0345503685247177,
      0.01908464291762985,
      0.014735020808661275,
      0.010003557559727361
    ],
    "(0,4,2,5)": [
      0.0,
      0.0,
      0.031766715833508,
      0.0,
      0.02269558697452123
    ],
    "(0,4,4,5)": [
      0.030429098629820756,
      0.006776087992357139,
      0.051539755212501696,
      0.0,
      0.006220984747867966
    ],
    "(0,5,4,5)": [
      0.00790663259498357,
      0.01299724807122598,
      0.02664240514008362,
      0.021557827584901292,
      0.025761366802542693
    ],
    "(0,5,5,5)": [
      0.03321171644472655,
      0.0,
      0.0033081353269805505,
      0.0,
      0.0
    ],
    "(0,7,1,4)": [
      0.0032818755062736108,
      0.019961090183687056,
      0.0,
      0.024810182784912704,
      0.0
    ],