{
  "agent_id": "agent_0",
  "action_size": 5,
  "state_size": 6,
  "epsilon": 0.918316468354365,
  "q_table": {
    "(1,3,2,4)": [
      0.03781682500868756,
      0.09066676393187452,
      0.0,
      0.022230512738548206,
      0.08434970465699149
    ],
    "(0,3,1,4)": [
      0.015528730425291702,
      0.19909016227535764,
      0.017501876014692858,
      0.010480159896956661,
      0.0
    ],
    "(0,4,1,4)": [
      0.05909100764537254,
      0.08104207133358679,
      0.038308954922461225,
      0.0,
      0.09591077749375476
    ],
    "(0,4,2,4)": [
      0.029043104715030948,
      0.03677412885971211,
      0.0052180025938297165,
      0.12112118646165526,
      0.04896122778414126
    ],
    "(0,5,2,4)": [
      0.033878722022273905,
      0.0029941375112670747,
      0.017141647864912894,
      0.007018565481757723,
      0.022625436507637216
    ],
    "(0,6,2,4)": [
      0.03671106098087752,
      0.027541242806804672,
      0.0020573290299954663,
      0.046770492877389824,
      0.03994903055394772
    ],
    "(0,8,2,5)": [
      0.0,
      0.0,
      0.0,
      0.0,
      0.021975957088599476
    ],
    "(0,7,2,5)": [
      0.0,
      0.0,
      0.04437005065341545,
      0.019314426655513754,
      0.0
    ],
    "(0,4,1,3)": [
      0.0,
      0.0,
      0.008754140249562713,
      0.0,
      0.028368155608498806
    ],
    "(0,4,2,3)": [
      0.0,
      0.0222232104005384,
      0.060284095182669126,
      0.04469187336101611,
      0.12589513858638
    ],
    "(0,4,3,3)": [
      0.0,
      0.0,
      0.0,
      0.0,
      0.04529425794413647
    ],
    "(0,4,3,4)": [
      0.03716394091823294,
      0.012485738986672375,
      0.03333484545436901,
      0.07552784508342884,
      0.04476644005698261
    ],
    "(0,5,3,3)": [
      0.0,
      0.036314300792631024,
      0.0,
      0.0,
      0.0
    ],
    "(0,6,3,4)": [
      0.0,
      0.002281753083281076,
      0.0,
      0.012724461582196239,
      0.10405794968924344
    ],
    "(0,5,3,4)": [
      0.021843380802009395,
      0.008691586988244085,
      0.03366106521807216,
      0.03554430031495862,
      0.023563450016167258
    ],
    "(0,6,2,5)": [
      0.005059400685771604,
      0.025714294475061364,
      0.008703388226566125,
      0.015609063589986991,
      0.023852721779900308
    ],
    "(0,6,4,5)": [
      0.0018772781512589002,
      0.011595717258635754,
      0.0,
      0.0,
      0.0
    ],
    "(0,7,4,4)": [
      0.0,
      0.0,
      0.0,
      0.0,
      0.0
    ],
    "(0,2,1,3)": [
      0.0,
      0.0298450397897807,
      0.03865334745447066,
      0.0,
      0.0
    ],
    "(0,5,4,4)": [
      0.008803201090785698,
      0.0,
      0.04292204640545114,
      0.0,
      0.037119957491082115
    ],
    "(0,4,5,4)": [
      0.009211782649081263,
      0.0,
      0.0,
      0.0,
      0.0
    ],
    "(0,6,5,4)": [
      0.0,
      0.0,
      0.0,
      0.01658304340437943,
      0.0
    ],
    "(0,5,5,4)": [
      0.004749219881952309,
      0.002974215740633615,
      0.0,
      0.009955606333522419,
      0.010943691590272144
    ],
    "(0,5,1,4)": [
      0.0,
      0.0,
      0.020987691844678337,
      0.06874449640764309,
      0.04188485948470782
    ],
    "(0,5,1,5)": [
      0.0,
      0.03218955255597606,
      0.0,
      0.0,
      0.022710168311789174
    ],
    "(0,6,1,5)": [
      0.0,
      0.0,
      0.020696301050980484,
      0.0,
      0.0341735827988097
    ],
    "(0,3,1,3)": [
      0.0,
      0.0,
      0.026402588335106822,
      0.0,
      0.0
    ],
    "(0,3,2,4)": [
      0.021826579748993158,
      0.03179062265499838,
      0.06482535967150967,
      0.0,
      0.0
    ],
    "(0,3,3,4)": [
      0.020268440468308672,
      0.04487585245247506,
      0.0,
      0.027233743181882833,
      0.0
    ],
    "(0,4,3,5)": [
      0.0,
      0.050906599533432594,
      0.0,
      0.0,
      0.0
    ],
    "(0,5,2,5)": [
      0.01023079144273965,
      0.0,
      0.0,
      0.0,
      0.016095494233913266
    ],
    "(0,6,3,5)": [
      0.0,
      0.0,
      0.0,
      0.0,
      0.0
    ],
    "(1,2,1,4)": [
      0.009415995028432572,
      0.0,
      0.0,
      0.0,
      0.0
    ],
    "(0,7,3,4)": [
      0.0,
      0.0029204715530562818,
      0.010427635887048125,
      0.0,
      0.0
    ],
    "(0,7,5,5)": [
      0.022529188819757635,
      0.0,
      0.0,
      0.0,
      0.0
    ],
    "(0,2,1,4)": [
      0.009129610816244603,
      0.0,
      0.0,
      0.0,
      0.0
    ],
    "(0,2,3,4)": [
      0.01659938295821823,
      0.0,
      0.0,
      0.0,
      0.0
    ],
    "(0,3,3,3)": [
      0.007185173592041983,
      0.0,
      0.0,
      0.0,
      0.0
    ],
    "(0,4,4,4)": [
      0.004198778974639281,
      0.0,
      0.0,
      0.012281173580125763,
      0.0
    ],
    "(0,6,5,5)": [
      0.0,
      0.0,
      0.0,
      0.0,
      0.0
    ],
    "(0,6,1,4)": [
      0.0,
      0.0,
      0.005589199748168662,
      0.0,
      0.0
    ],
    "(0,7,4,5)": [
      0.0,
      0.0,
      0.0,
      0.0,
      0.0
    ],
    "(0,8,5,5)": [
      0.0,
      0.0,
      0.0,
      0.0,
      0.0
    ],
    "(0,5,2,3)": [
      0.0,
      0.012376517373924655,
      0.0,
      0.0,
      0.0
    ],
    "(0,6,2,3)": [
      0.0,
      0.010937662890153924,
      0.0,
      0.012753866452605043,
      0.0
    ],
    "(0,7,2,3)": [
      0.0,
      0.0,
      0.003483684953286142,
      0.0,
      0.0
    ],
    "(0,7,2,4)": [
      0.0,
      0.0,
      0.008322620313674402,
      0.0,
      0.0
    ],
    "(0,6,4,4)": [
      0.0,
      0.0,
      0.0,
      0.0,
      0.0031194053774889997
    ],
    "(0,2,2,4)": [
      0.0,
      0.036066195566992254,
      0.0,
      0.0,
      0.0
    ],
    "(0,7,3,5)": [
      0.0,
      0.0,
      0.0,
      0.0,
      0.0
    ],
    "(0,3,4,4)": [
      0.0,
      0.0,
      0.0,
      0.0,
      0.0
    ],
    "(0,5,3,5)": [
      0.0,
      0.0027582912571913437,
      0.0,
      0.0,
      0.0
    ],
    "(0,4,2,5)": [
      0.0,
      0.0,
      0.0,
      0.0,
      0.0
    ],
    "(0,4,4,5)": [
      0.0,
      0.0,
      0.0,
      0.0,
      0.0
    ],
    "(0,5,4,5)": [
      0.0,
      0.0,
      0.0,
      0.0,
      0.0
    ],
    "(0,5,5,5)": [
      0.0,
      0.0,
      0.0,
      0.0,
      0.0
    ]
  }
}