{
  "agent_id": "agent_0",
  "action_size": 5,
  "state_size": 6,
  "epsilon": 0.03100237440513238,
  "q_table": {
    "(0,5,3,4)": [
      0.015685395239885627,
      0.07177122029370754,
      -0.03546049807950026,
      0.021376370116491045,
      -0.008728474087266257
    ],
    "(0,4,1,3)": [
      0.02372750987442761,
      0.06298404329281948,
      0.013799221937139679,
      0.004282716525836874,
      0.008331021164482304
    ],
    "(0,4,1,4)": [
      0.006893224003608481,
      0.11427635425147349,
      0.027459924468549644,
      0.006922164414981318,
      0.014787135422137233
    ],
    "(0,5,4,3)": [
      0.0,
      0.024104219620306858,
      -0.0006743501031183321,
      0.0,
      0.0
    ],
    "(0,5,4,4)": [
      0.0010839713747496358,
      0.09413193789980319,
      -0.028245894455054803,
      0.001138432662086793,
      0.0068311307036701616
    ],
    "(0,2,3,4)": [
      0.012009370639101926,
      0.0,
      0.0,
      0.0,
      0.0
    ],
    "(0,4,3,4)": [
      0.01442303686193916,
      0.009318336238884001,
      -0.006317886606883584,
      0.0,
      0.0
    ],
    "(0,5,5,4)": [
      0.0,
      0.04153552951629095,
      0.0,
      0.0,
      0.0
    ],
    "(0,6,4,5)": [
      0.0009217673135266302,
      0.011133574089204018,
      0.0,
      0.002099757935640076,
      0.0
    ],
    "(0,6,3,4)": [
      0.004149719126119558,
      0.11574475547428162,
      -0.04753015489202796,
      0.02164195444629116,
      0.0030352163488202525
    ],
    "(0,6,4,4)": [
      0.00042870607506780765,
      0.012110771397263078,
      -0.03417907718378109,
      0.0011972920674101224,
      0.00920791196436473
    ],
    "(0,7,4,4)": [
      0.01344405936334192,
      0.05725511846823756,
      -0.06563398593678757,
      0.010891390067160108,
      0.005032485406414704
    ],
    "(0,5,1,4)": [
      -0.2600971540829736,
      0.2914328086064414,
      0.07498397527306323,
      0.01017562655389669,
      0.02069600990157146
    ],
    "(1,3,2,4)": [
      0.4541208514386113,
      0.03418333116581442,
      0.002934374312663651,
      0.015545970452801379,
      0.015794133402490043
    ],
    "(0,7,3,4)": [
      0.0056493360383196075,
      0.002827599438709814,
      -0.23817320484205903,
      0.024050557175567828,
      0.007906471811501123
    ],
    "(0,5,2,4)": [
      0.02079324767445886,
      0.09607769061364135,
      -0.010706195362480443,
      0.001807801827478918,
      0.0005397454883489047
    ],
    "(0,6,3,3)": [
      0.0,
      0.03297965599637951,
      -0.016516194704263347,
      0.0,
      0.0
    ],
    "(0,7,4,3)": [
      0.0010936744722173388,
      0.012402767752410865,
      -0.01443708198852988,
      0.013205994408428939,
      0.003245204534319481
    ],
    "(0,4,4,4)": [
      0.0007628067490144221,
      0.010451594338087674,
      0.0,
      0.0,
      0.0
    ],
    "(0,7,4,5)": [
      0.002346665327927366,
      0.012125850051968218,
      -0.0106459386810882,
      0.0012722634311625638,
      0.0
    ],
    "(0,6,5,4)": [
      0.001429886735708016,
      -0.008525097869829171,
      0.0,
      0.0,
      0.0
    ],
    "(0,5,1,3)": [
      -0.19658546985487235,
      0.11533644223275782,
      0.022851288505062545,
      0.006086113267511094,
      0.006959229981476078
    ],
    "(0,6,1,3)": [
      -0.014641621122110036,
      0.1323534359578727,
      0.05161125342425452,
      0.010204513190587669,
      0.0005313727934328586
    ],
    "(0,5,3,3)": [
      0.004913909683369593,
      0.017686357028445766,
      -0.003192638879704471,
      0.003472899948398992,
      0.0
    ],
    "(0,3,1,4)": [
      0.20143535523617687,
      0.03607082309863614,
      0.004396172079232434,
      0.004658606472608078,
      0.008301843545984598
    ],
    "(0,6,1,4)": [
      -0.03209109066029205,
      0.2736646170160808,
      0.15079639772852016,
      0.007148826528814841,
      -0.007248517831110357
    ],
    "(0,7,3,3)": [
      0.0,
      0.0011077717418780742,
      -0.10380245768496281,
      0.005460173020639971,
      0.004448345472810458
    ],
    "(0,8,4,4)": [
      0.004430233590489725,
      -0.001477793856032247,
      -0.008820303114310972,
      0.0,
      0.0013533364773205031
    ],
    "(0,7,5,3)": [
      0.0,
      0.007974906041455385,
      0.0,
      0.0,
      0.0004238316135053845
    ],
    "(0,6,2,3)": [
      0.000651647602126819,
      0.03928695765134305,
      -0.006986092534257298,
      0.0,
      0.0
    ],
    "(0,7,2,3)": [
      0.00242825084568053,
      0.0,
      -0.012437605493477213,
      0.0,
      0.0
    ],
    "(0,6,3,5)": [
      0.0,
      0.005374700922256022,
      -0.003550999972820844,
      0.0,
      0.008004700051879619
    ],
    "(0,6,2,4)": [
      0.009289416347343876,
      0.12020998311077216,
      -0.019014629169183107,
      0.017264160904446605,
      -0.007589653923385581
    ],
    "(1,2,1,4)": [
      0.008962755530875404,
      0.0,
      0.0,
      0.0,
      0.0
    ],
    "(0,7,2,5)": [
      0.0,
      0.0,
      -0.012977868520285376,
      0.0,
      -0.05059032574692312
    ],
    "(0,7,3,5)": [
      0.002627987546164101,
      0.0012154608141782925,
      -0.06229000471770219,
      0.0,
      0.0
    ],
    "(0,7,2,4)": [
      0.010984017349473189,
      0.005257076118976062,
      -0.0559183558588831,
      0.005948748512545745,
      -0.012659074748976607
    ],
    "(0,7,1,4)": [
      -0.0009137550185102311,
      -0.06906868864308077,
      0.11745289555554475,
      0.010511679294936026,
      -0.13570817367877447
    ],
    "(0,8,5,4)": [
      0.0013347108472854126,
      0.0024367074203934646,
      -0.009617567026312529,
      0.0,
      0.0
    ],
    "(0,7,1,3)": [
      0.0016231342036851356,
      0.00585515111236703,
      0.055914709652387845,
      0.002251223160595793,
      -0.03441396032912657
    ],
    "(0,7,5,4)": [
      0.008807410183754303,
      0.018548443416227696,
      -0.019466187259405132,
      0.0,
      0.005465819563410558
    ],
    "(0,3,1,3)": [
      0.13841486446141332,
      0.010393543877567675,
      0.00012897911662460422,
      0.0036070079575774546,
      0.0015750179625778787
    ],
    "(0,8,6,4)": [
      0.0,
      0.0,
      0.0,
      0.0,
      0.0
    ],
    "(0,3,2,4)": [
      0.020193877159479977,
      0.0,
      0.0,
      0.0,
      0.0018389196610125928
    ],
    "(0,8,4,3)": [
      0.0,
      0.0007055497043074574,
      -0.00040966493621223275,
      0.0,
      0.0
    ],
    "(0,6,2,5)": [
      0.0,
      0.005305972611497645,
      -0.0020714567273870397,
      0.0,
      -0.01323352426126346
    ],
    "(0,2,1,4)": [
      0.015427845356720562,
      0.011913146574017361,
      0.0,
      0.0,
      0.0
    ],
    "(0,8,2,4)": [
      0.0,
      0.00040006317542556116,
      -0.0068934003579939835,
      0.0010795956161743954,
      -0.0006336498470602592
    ],
    "(0,8,2,3)": [
      0.0,
      0.0,
      -0.0014318857045613016,
      0.0,
      0.0
    ],
    "(0,8,3,3)": [
      0.0,
      0.0,
      -0.003822089540911508,
      0.0,
      0.0
    ],
    "(0,8,1,4)": [
      0.0001440442811435721,
      -0.06423664739500497,
      0.01004860943991686,
      0.0009595850327751856,
      -0.12467459643032529
    ],
    "(0,4,2,4)": [
      0.0075799326781715096,
      0.012834484889984501,
      -0.0009930578547078346,
      0.005868290818379555,
      0.00045664244263662245
    ],
    "(0,8,3,4)": [
      0.001388717135864068,
      0.002860687658089555,
      -0.007337838655445859,
      0.0,
      0.0
    ],
    "(0,9,1,4)": [
      0.0,
      0.0,
      0.0005411836835741396,
      0.0021530905775543315,
      0.00026346292277597933
    ],
    "(0,7,5,5)": [
      0.0,
      0.005649579722538032,
      0.0,
      0.0,
      0.0
    ],
    "(0,8,4,5)": [
      0.0,
      0.00023650636451066765,
      -0.0010586559582900956,
      0.0,
      0.0
    ],