{
  "agent_id": "agent_0",
  "action_size": 5,
  "state_size": 6,
  "epsilon": 0.1712870076899825,
  "q_table": {
    "(1,3,2,4)": [
      0.9478390102284971,
      3.1515330299758038,
      0.6537298119419772,
      0.565852973456259,
      0.7006493659862474
    ],
    "(0,3,1,4)": [
      0.5695124135458095,
      2.4435808646443746,
      0.6375533558172295,
      0.729687789734677,
      0.6891508660778629
    ],
    "(0,4,1,4)": [
      0.6795390307152643,
      2.018969968595016,
      0.7656568824104764,
      0.7136065865671343,
      0.9647643648860302
    ],
    "(0,4,2,4)": [
      0.48938877181456847,
      0.6478629431422157,
      0.32910683229138127,
      2.281447649678246,
      0.5147978850800815
    ],
    "(0,5,2,4)": [
      0.34103272362510445,
      0.32328400452337225,
      0.56812259079559,
      1.4768377797202483,
      0.40680509658984004
    ],
    "(0,6,2,4)": [
      0.24413724193569877,
      0.19407493433595838,
      0.14163753562824496,
      1.0973375259290583,
      0.2549019852163022
    ],
    "(0,8,2,5)": [
      0.0,
      0.00888970179111817,
      0.0,
      0.009470724718602047,
      0.050242253885111714
    ],
    "(0,7,2,5)": [
      0.013523801429479187,
      0.01414022429271314,
      0.2034721271025716,
      0.07076603923645891,
      0.013194160137203731
    ],
    "(0,4,1,3)": [
      0.03852969509581502,
      0.06994980260688285,
      0.5655000096069711,
      0.033537026447785695,
      0.10362283137569536
    ],
    "(0,4,2,3)": [
      0.20222335660801347,
      0.1698800889454483,
      0.18756801583182345,
      0.2699048246868113,
      1.0475142255371932
    ],
    "(0,4,3,3)": [
      0.033197858671603526,
      0.0823108224663357,
      0.10262469719548531,
      0.16354342899058597,
      0.4413402763746164
    ],
    "(0,4,3,4)": [
      0.3306018119828237,
      0.4495875060318361,
      0.3969429898879993,
      1.9445959401003259,
      0.418734542585755
    ],
    "(0,5,3,3)": [
      0.0,
      0.19023116275994867,
      0.006822470504610502,
      0.0,
      0.027758146435466903
    ],
    "(0,6,3,4)": [
      0.1136789642866402,
      0.1629844735947032,
      0.0723994296662024,
      0.0745801494954484,
      0.5735571847615756
    ],
    "(0,5,3,4)": [
      0.29141689827946,
      0.29485432686150004,
      0.29371999518740355,
      1.5303028252461042,
      0.2706745121026864
    ],
    "(0,6,2,5)": [
      0.22234749972871526,
      0.0796547895912889,
      0.06214360295955571,
      0.10043852561631796,
      0.07889560807736896
    ],
    "(0,6,4,5)": [
      0.019805432687762616,
      0.08538927188359413,
      0.00884153691885293,
      0.091215823963255,
      0.0033373155159029445
    ],
    "(0,7,4,4)": [
      0.03602608983173355,
      0.022013632372081218,
      0.019940070603971922,
      0.11245283120630944,
      0.01410331464439314
    ],
    "(0,2,1,3)": [
      0.0,
      0.11393711271267269,
      0.24998366920824847,
      0.01067503392148726,
      0.07264724455393626
    ],
    "(0,5,4,4)": [
      0.056048692236283566,
      0.13046027239675528,
      0.24823641244327993,
      0.0585224887579479,
      0.1204576529214252
    ],
    "(0,4,5,4)": [
      0.10082316590735857,
      0.02214068476133502,
      0.0,
      0.022791688237264473,
      0.03650922551127105
    ],
    "(0,6,5,4)": [
      0.0,
      0.006278173612465341,
      0.0,
      0.11743448621737367,
      0.021274016188917173
    ],
    "(0,5,5,4)": [
      0.03814480772843251,
      0.10824287246006524,
      0.025489201346709203,
      0.20813763369374008,
      0.05367373378656976
    ],
    "(0,5,1,4)": [
      0.40137370186743043,
      0.3350308934775337,
      0.5276265613736127,
      3.126502202876054,
      0.5850407145925659
    ],
    "(0,5,1,5)": [
      0.08479881513601555,
      0.38210976323530377,
      0.03983337978998104,
      0.0425889709292057,
      0.14172593893850027
    ],
    "(0,6,1,5)": [
      0.03837780671463865,
      0.011625441542510353,
      0.07677907898209425,
      0.09054820195364013,
      0.6973248336593727
    ],
    "(0,3,1,3)": [
      0.3724037093569827,
      0.3522794986724697,
      0.48650631575805287,
      0.6081772113363454,
      1.8457600070866853
    ],
    "(0,3,2,4)": [
      0.12989820872920327,
      0.12955115610283655,
      0.8793987379116966,
      0.08616717873497814,
      0.10902171393871808
    ],
    "(0,3,3,4)": [
      0.4642562378623294,
      0.4342028967364749,
      0.4881702529158684,
      1.7788577876767115,
      0.4706746292189288
    ],
    "(0,4,3,5)": [
      0.04643933419290507,
      0.34281440274091796,
      0.13083127128262054,
      0.15445023640820377,
      0.012512118355915893
    ],
    "(0,5,2,5)": [
      0.10283801279520048,
      0.0420452589359723,
      0.052532971482215716,
      0.07103551531323186,
      0.3391899961869076
    ],
    "(0,6,3,5)": [
      0.0445518631171288,
      0.23292400834708724,
      0.04397817795015627,
      0.03564944421191908,
      0.022658318554347894
    ],
    "(1,2,1,4)": [
      0.057409641435928,
      0.09922498192647329,
      0.059471524504485396,
      0.13347474085678926,
      0.16024285359439297
    ],
    "(0,7,3,4)": [
      0.013463231533501718,
      0.08220625312162198,
      0.15484832308667318,
      0.04872651880552212,
      0.023288119755042247
    ],
    "(0,7,5,5)": [
      0.027508185441673237,
      0.0,
      0.0,
      0.0,
      0.0
    ],
    "(0,2,1,4)": [
      0.20365525876247703,
      0.04910817407962003,
      0.254751003896299,
      0.1522151466132157,
      0.8656649723547246
    ],
    "(0,2,3,4)": [
      0.354075830182643,
      0.03622127190786263,
      0.13107167765783162,
      0.11236177165009867,
      0.17294536245579017
    ],
    "(0,3,3,3)": [
      0.2843423875774913,
      0.06876823657316591,
      0.036995666603214857,
      0.0629030534409156,
      0.11470928611338237
    ],
    "(0,4,4,4)": [
      0.1628847731973942,
      0.08244488158216849,
      0.1331306172570924,
      0.20242366022270225,
      0.7000395987074883
    ],
    "(0,6,5,5)": [
      0.013597079503885775,
      0.0,
      0.005667235377923459,
      0.0,
      0.0
    ],
    "(0,6,1,4)": [
      0.1257959230188465,
      0.10805377709253937,
      0.13826419406788915,
      1.2172166606122825,
      0.14937169911057976
    ],
    "(0,7,4,5)": [
      0.0,
      0.003919672992972202,
      0.0,
      0.0,
      0.015094973907717194
    ],
    "(0,8,5,5)": [
      0.0,
      0.0,
      0.0,
      0.0,
      0.0
    ],
    "(0,5,2,3)": [
      0.04281004198908522,
      0.28535886347591877,
      0.06651367685458867,
      0.16348754165398535,
      0.010738752379411121
    ],
    "(0,6,2,3)": [
      0.0,
      0.03122475838615036,
      0.022818028352546094,
      0.16003986492989433,
      0.0
    ],
    "(0,7,2,3)": [
      0.01885795573700008,
      0.0,
      0.021112569649322684,
      0.0,
      0.0
    ],
    "(0,7,2,4)": [
      0.05120120628661877,
      0.008681581464668044,
      0.21913542005988426,
      0.05538985668006367,
      0.0076553698196027645
    ],
    "(0,6,4,4)": [
      0.007100562150032695,
      0.08953948150543747,
      0.05530379688382177,
      0.18930088416892019,
      0.06204142069785924
    ],
    "(0,2,2,4)": [
      0.09924307166509004,
      0.19398205699879478,
      0.11066847961763913,
      0.1746340952857285,
      0.7715121354854606
    ],
    "(0,7,3,5)": [
      0.012899420911428717,
      0.09829737467233776,
      0.0024742509012876117,
      0.18857788015993726,
      0.038639628454966865
    ],
    "(0,3,4,4)": [
      0.14866821292726118,
      0.13783823803540085,
      0.16643353113275994,
      0.784613049708489,
      0.2563127213173549
    ],
    "(0,5,3,5)": [
      0.05757673624997221,
      0.2422052247703598,
      0.09306492029323844,
      0.0688955101832936,
      0.08251173617479259
    ],