{
  "agent_id": "agent_0",
  "action_size": 5,
  "state_size": 6,
  "epsilon": 0.02601373925779093,
  "q_table": {
    "(0,5,3,4)": [
      0.01624201736190645,
      0.07456885430374931,
      -0.03543677539361214,
      0.021376370116491045,
      -0.008728474087266257
    ],
    "(0,4,1,3)": [
      0.026877996140999415,
      0.069038079194222,
      0.014403084364952995,
      0.0056683219461028545,
      0.008331021164482304
    ],
    "(0,4,1,4)": [
      0.018053546733627742,
      0.1203526010445184,
      0.02857477834930914,
      0.006922164414981318,
      0.01576785622809037
    ],
    "(0,5,4,3)": [
      0.0,
      0.026651045953015474,
      -0.0006743501031183321,
      0.0,
      0.0
    ],
    "(0,5,4,4)": [
      0.0010839713747496358,
      0.0986868005592594,
      -0.028245894455054803,
      0.001138432662086793,
      0.0073738498191884315
    ],
    "(0,2,3,4)": [
      0.012009370639101926,
      0.0,
      0.0,
      0.0,
      0.0
    ],
    "(0,4,3,4)": [
      0.014666531079197043,
      0.009318336238884001,
      -0.0064032347129888085,
      0.0,
      0.0
    ],
    "(0,5,5,4)": [
      0.0,
      0.04223526935328365,
      0.0,
      0.0,
      0.0
    ],
    "(0,6,4,5)": [
      0.0009217673135266302,
      0.010100764654749093,
      0.0,
      0.0028018662586964845,
      0.0
    ],
    "(0,6,3,4)": [
      0.004280954154949789,
      0.12278686060257002,
      -0.04900142783526451,
      0.022781393217279886,
      0.0030352163488202525
    ],
    "(0,6,4,4)": [
      0.0005161620092417816,
      0.017224174144499168,
      -0.03417907718378109,
      0.0011972920674101224,
      0.009155453244203278
    ],
    "(0,7,4,4)": [
      0.015055217190249236,
      0.06307977935523255,
      -0.06812086277939709,
      0.013320155958587203,
      0.005479719488437191
    ],
    "(0,5,1,4)": [
      -0.2765854070818386,
      0.30282394230046816,
      0.07757653004874818,
      0.010946042660131512,
      0.02069600990157146
    ],
    "(1,3,2,4)": [
      0.46683057531798094,
      0.03639341270719591,
      0.003072109215141921,
      0.016497347170226176,
      0.016393997909246772
    ],
    "(0,7,3,4)": [
      0.0056493360383196075,
      0.002827599438709814,
      -0.24820916986735336,
      0.025020797631041366,
      0.007906471811501123
    ],
    "(0,5,2,4)": [
      0.021031858473020346,
      0.0984248404098473,
      -0.010962931301924082,
      0.0023856002710817576,
      0.0005784432262102716
    ],
    "(0,6,3,3)": [
      0.0,
      0.03444878429784392,
      -0.016972855085453094,
      0.0,
      0.0
    ],
    "(0,7,4,3)": [
      0.0010936744722173388,
      0.012723688294965273,
      -0.015060775211085745,
      0.013205994408428939,
      0.0047178205774242275
    ],
    "(0,4,4,4)": [
      0.0007628067490144221,
      0.011053041595720724,
      0.0,
      0.0,
      0.0
    ],
    "(0,7,4,5)": [
      0.0031663364391475825,
      0.01280884762500987,
      -0.011226589873934777,
      0.0017733595280164391,
      0.0
    ],
    "(0,6,5,4)": [
      0.0028583435846803243,
      -0.007253838109972032,
      0.0,
      0.0,
      0.0
    ],
    "(0,5,1,3)": [
      -0.20179945021151105,
      0.12166138772918413,
      0.024372006334799905,
      0.006086113267511094,
      0.006959229981476078
    ],
    "(0,6,1,3)": [
      -0.014641621122110036,
      0.138191026806133,
      0.0529520132136052,
      0.010204513190587669,
      0.0005313727934328586
    ],
    "(0,5,3,3)": [
      0.004913909683369593,
      0.020373328075879816,
      -0.004555139292304792,
      0.003472899948398992,
      0.0
    ],
    "(0,3,1,4)": [
      0.21041139725908553,
      0.03893499862694543,
      0.004452878743324665,
      0.005096806704896967,
      0.008946359850740314
    ],
    "(0,6,1,4)": [
      -0.03177741655426298,
      0.2897867957772322,
      0.15614957315159703,
      0.007148826528814841,
      -0.007311285203560543
    ],
    "(0,7,3,3)": [
      0.0,
      0.0011077717418780742,
      -0.10726627178684436,
      0.005460173020639971,
      0.004448345472810458
    ],
    "(0,8,4,4)": [
      0.005313623941412681,
      -0.0020082975830855573,
      -0.009393685042183426,
      0.0,
      0.0013533364773205031
    ],
    "(0,7,5,3)": [
      0.0,
      0.008371709629774756,
      0.0,
      0.0,
      0.0004238316135053845
    ],
    "(0,6,2,3)": [
      0.0008689620624779072,
      0.040901375008655476,
      -0.007460214302198445,
      0.0,
      0.0
    ],
    "(0,7,2,3)": [
      0.00242825084568053,
      0.0,
      -0.013158360862356245,
      0.0,
      0.0
    ],
    "(0,6,3,5)": [
      0.0,
      0.005491407400784925,
      -0.003550999972820844,
      0.0,
      0.008004700051879619
    ],
    "(0,6,2,4)": [
      0.009289416347343876,
      0.12468640769895031,
      -0.019254132240817793,
      0.017264160904446605,
      -0.007466665729283881
    ],
    "(1,2,1,4)": [
      0.008962755530875404,
      0.0,
      0.0,
      0.0,
      0.0
    ],
    "(0,7,2,5)": [
      0.0,
      0.0,
      -0.013466246160330344,
      0.0,
      -0.052589643061814885
    ],
    "(0,7,3,5)": [
      0.002627987546164101,
      0.0013052437953507438,
      -0.06486850845201274,
      0.0,
      0.0
    ],
    "(0,7,2,4)": [
      0.013605374241652991,
      0.005257076118976062,
      -0.055819804348913,
      0.007039917131555114,
      -0.014171205013871122
    ],
    "(0,7,1,4)": [
      -0.0008641913130490081,
      -0.07550650936233232,
      0.12173621864195208,
      0.006683436064318216,
      -0.13611368891620285
    ],
    "(0,8,5,4)": [
      0.0013347108472854126,
      0.0024367074203934646,
      -0.010016012463636056,
      0.0,
      0.0
    ],
    "(0,7,1,3)": [
      0.0016231342036851356,
      0.00667378245487058,
      0.05730892916309174,
      0.002251223160595793,
      -0.041030192559022925
    ],
    "(0,7,5,4)": [
      0.00960328780563073,
      0.018870909373741366,
      -0.02033639612021238,
      0.00039237134306946783,
      0.005935846842173442
    ],
    "(0,3,1,3)": [
      0.14586706052128381,
      0.01084415147232231,
      0.00012897911662460422,
      0.0036070079575774546,
      0.0015750179625778787
    ],
    "(0,8,6,4)": [
      0.0,
      0.0,
      0.0,
      0.0,
      0.0
    ],
    "(0,3,2,4)": [
      0.022358123743271292,
      0.0,
      0.0,
      0.0,
      0.0018389196610125928
    ],
    "(0,8,4,3)": [
      0.0,
      0.0007055497043074574,
      -0.0006140025153025648,
      0.0,
      0.0
    ],
    "(0,6,2,5)": [
      0.0,
      0.008153954066086223,
      -0.00239514861352695,
      0.0,
      -0.012658809976625718
    ],
    "(0,2,1,4)": [
      0.0160182530542671,
      0.0127609154136825,
      0.0,
      0.0,
      0.0
    ],
    "(0,8,2,4)": [
      0.0,
      0.0007997262876756968,
      -0.0072082335233973225,
      0.0010795956161743954,
      -0.0005921992883759383
    ],
    "(0,8,2,3)": [
      0.0,
      0.0,
      -0.0015433639386508752,
      0.0,
      0.0
    ],
    "(0,8,3,3)": [
      0.0,
      0.0,
      -0.003822089540911508,
      0.0,
      0.0
    ],
    "(0,8,1,4)": [
      0.0001440442811435721,
      -0.0729255621624864,
      0.01032392485149284,
      0.0009595850327751856,
      -0.1353282155079876
    ],
    "(0,4,2,4)": [
      0.00849913067508589,
      0.013719711613364449,
      -0.0011855579198685013,
      0.005868290818379555,
      0.00045664244263662245
    ],
    "(0,8,3,4)": [
      0.001388717135864068,
      0.002860687658089555,
      -0.007731522758441636,
      0.0,
      0.0
    ],
    "(0,9,1,4)": [
      0.0,
      0.0,
      0.0005411836835741396,
      0.0021530905775543315,
      -0.0004504332388887328
    ],
    "(0,7,5,5)": [
      0.0,
      0.006056693266835999,
      0.0,
      0.0,
      0.0
    ],
    "(0,8,4,5)": [
      0.0,
      0.00023650636451066765,
      -0.0010586559582900956,
      0.0,
      0.0
    ],