{
  "agent_id": "agent_0",
  "action_size": 5,
  "state_size": 6,
  "epsilon": 0.01,
  "q_table": {
    "(0,4,3,4)": [
      0.016967978138766084,
      0.02333197458047028,
      -0.009423851775945711,
      0.0007048676775415169,
      0.0
    ],
    "(0,4,4,4)": [
      0.0053129093843359305,
      0.0436344210367982,
      0.0,
      0.0025086700817594765,
      -0.017402105640033094
    ],
    "(0,5,4,4)": [
      0.009843126905722283,
      0.023651291256629542,
      0.0,
      0.008431597401804226,
      0.01011310689779428
    ],
    "(0,6,4,4)": [
      0.02025298399189628,
      -0.014967063502702499,
      0.002464402295840139,
      0.02770390852854039,
      0.009282134210791115
    ],
    "(0,3,3,4)": [
      0.022869871532608815,
      0.0016227399937050128,
      -0.004337147830072284,
      0.0,
      0.0
    ],
    "(0,6,3,4)": [
      0.005356940146199664,
      0.14094977941399164,
      -0.058926532700970216,
      0.03487401966182394,
      0.018365422376393586
    ],
    "(0,5,3,4)": [
      0.028081167187855017,
      0.10547307599169792,
      -0.028932492537584505,
      0.009222291395855184,
      0.009737594390363272
    ],
    "(0,5,4,5)": [
      0.0,
      0.0035012035214222136,
      -0.00038652468735414936,
      0.0,
      0.0
    ],
    "(1,3,2,4)": [
      0.5492767996105078,
      0.0531734656392412,
      0.00700032604830874,
      0.016279063141247784,
      0.014498177566191251
    ],
    "(0,3,1,4)": [
      0.3156248645506305,
      0.029650889174029683,
      0.0031586950761967776,
      0.009975104052415196,
      0.0048732377499123855
    ],
    "(0,5,4,3)": [
      0.0,
      0.018364900136812363,
      0.0,
      0.0,
      -0.0008776350315083097
    ],
    "(0,7,4,4)": [
      0.011830418656360545,
      0.10275738956285838,
      -0.09960824260525775,
      0.026945140683105596,
      0.034620204818524195
    ],
    "(0,7,3,4)": [
      0.008062700970052279,
      0.003206929501225156,
      -0.314717952626177,
      0.02222846987788514,
      0.01048160554956711
    ],
    "(0,3,1,3)": [
      0.21271912172208027,
      0.022508043969453002,
      0.008221174642174488,
      0.011204894290527826,
      0.0027011289625516
    ],
    "(0,4,4,3)": [
      0.0004588007608875261,
      0.0,
      0.0,
      0.0,
      0.009009503727710354
    ],
    "(0,3,3,3)": [
      0.005832823364035962,
      0.0016356630949033151,
      -0.0009141306357238789,
      0.0,
      0.0
    ],
    "(0,6,5,4)": [
      0.0,
      0.007723591656547399,
      -0.019639993623939984,
      0.0,
      0.0
    ],
    "(0,6,4,5)": [
      0.0,
      0.011062351110937533,
      0.0,
      0.0,
      0.004014786741433206
    ],
    "(0,5,5,5)": [
      0.0,
      0.006235561260917118,
      0.0,
      0.0,
      0.0
    ],
    "(0,3,2,3)": [
      0.018655957410647208,
      0.0017134115528013919,
      0.0,
      0.0,
      0.0
    ],
    "(0,5,2,3)": [
      0.007973802906067286,
      0.029107087855581828,
      -0.005309994840294166,
      0.0019979913141515053,
      0.0004560438096976358
    ],
    "(0,3,4,4)": [
      0.0012545495250502157,
      0.01450109218485846,
      0.0,
      0.0,
      0.0
    ],
    "(0,5,5,4)": [
      0.0,
      0.005138776607219805,
      0.0,
      0.0,
      -0.010426012589882055
    ],
    "(0,2,3,3)": [
      0.01329808086394336,
      0.0,
      0.00016155270767520202,
      0.0,
      0.0
    ],
    "(0,4,1,4)": [
      0.04449995733217677,
      0.2218263096916734,
      0.039981100787155555,
      0.02028430717201634,
      0.017623000598455455
    ],
    "(0,2,3,4)": [
      0.007997739545566863,
      0.002978181169608654,
      -0.017070074496391776,
      0.0,
      0.0032185748066886274
    ],
    "(0,7,5,4)": [
      0.007804551612467939,
      0.029557865047963816,
      -0.02149505725862659,
      0.0,
      0.001947502670619494
    ],
    "(0,6,1,4)": [
      -0.036139547181649315,
      0.3252263045542468,
      0.20031035998474123,
      0.030476494764667923,
      -0.014286552639020513
    ],
    "(0,6,3,3)": [
      0.0007166548157509501,
      0.07809370697211121,
      -0.03208285158748584,
      0.003817794090386926,
      0.0034070562468604734
    ],
    "(0,6,4,3)": [
      0.00043800474817099876,
      0.030895535591832297,
      -0.0001776294120591776,
      0.005571872749622709,
      0.0056476778091127874
    ],
    "(0,5,2,4)": [
      0.013120757020210825,
      0.09862580321580766,
      -0.007902850136164655,
      0.01703672992624851,
      -0.003785769035064761
    ],
    "(0,5,1,3)": [
      -0.23052083266746354,
      0.15242427445094917,
      0.05802068638345652,
      0.02401056846711856,
      0.017899323069013533
    ],
    "(0,5,3,3)": [
      0.008364523992117352,
      0.05453225470601509,
      -0.006639839330883017,
      0.0,
      0.0028389432497900875
    ],
    "(0,7,4,3)": [
      0.0014681764142213363,
      0.01170555094589486,
      -0.0244834467507694,
      0.005512383840318409,
      0.005027133144063647
    ],
    "(0,8,4,4)": [
      0.001692464521844404,
      -0.017156783090354902,
      -0.020151824706987623,
      0.004381620261026781,
      0.0
    ],
    "(0,2,1,4)": [
      0.028256694019798325,
      0.0,
      4.9621741351169755e-05,
      0.0,
      0.00022252702325552216
    ],
    "(0,4,1,3)": [
      -0.03314962739848104,
      0.0870487597293355,
      0.023707791933570876,
      0.007685836087313561,
      0.0023389745502983136
    ],
    "(0,5,1,4)": [
      -0.37608427265246364,
      0.3217693985647567,
      0.09286186951499438,
      0.03502860394308562,
      0.021932364121620283
    ],
    "(0,4,2,4)": [
      0.029992651819708355,
      0.030239376547014394,
      -0.004213191861026854,
      0.0,
      0.005024474425847881
    ],
    "(0,7,5,3)": [
      0.0,
      0.0014085283488458923,
      -0.006785063127699609,
      0.0,
      0.002755315837523988
    ],
    "(0,6,2,4)": [
      0.013278193029216104,
      0.14946354457160838,
      -0.008062077057014687,
      0.024391906246863326,
      -0.024792786196622237
    ],
    "(0,7,4,5)": [
      0.0039116049229025365,
      0.02416039692649224,
      -0.015966734618511703,
      0.0,
      0.0
    ],
    "(0,7,2,4)": [
      0.0017987047852682622,
      3.964340833540711e-05,
      -0.05993468071074482,
      0.0068561047360802905,
      -0.06263175556970438
    ],
    "(0,6,2,3)": [
      0.00213909295534608,
      0.06468288847397922,
      -0.005805805683713053,
      0.013184530874828172,
      -0.007776539336679222
    ],
    "(0,7,2,3)": [
      0.0010825099296350319,
      0.0006241646141334348,
      -0.02163326719992184,
      0.0,
      0.0
    ],
    "(0,7,3,3)": [
      0.0,
      0.0022658423342723946,
      -0.11674437107269706,
      0.0,
      0.0
    ],
    "(0,7,1,4)": [
      0.01622580063473818,
      -0.12972325072965926,
      0.1411848521002178,
      0.010051375912472385,
      -0.25423937874394653
    ],
    "(0,4,3,3)": [
      -0.004323457104178661,
      0.008285143463699508,
      -0.001306800280875021,
      0.0,
      0.0
    ],
    "(0,7,6,4)": [
      0.0,
      0.0010432864760754712,
      0.0,
      0.0,
      0.0
    ],
    "(0,6,1,3)": [
      0.001247711010879194,
      0.16756355889752486,
      0.05958199608150131,
      0.010121869588358283,
      0.0010140073997633925
    ],
    "(0,7,5,5)": [
      0.0,
      4.8041173655555386e-05,
      -0.005066387716842134,
      0.0,
      0.0
    ],
    "(0,7,6,5)": [
      0.0,
      0.0004666015881401258,
      0.0,
      0.0,
      0.0
    ],
    "(0,8,1,4)": [
      0.007908505378546878,
      -0.09279747788428035,
      0.028928077661235594,
      0.0014610906615529912,
      -0.07509948141205323
    ],
    "(0,8,5,4)": [
      0.0,
      0.0006167637632448115,
      -0.0004164695025391633,
      0.0,
      0.00045392090789363084
    ],
    "(0,2,2,3)": [
      0.021911535509999414,
      0.0,
      0.0,
      0.0,
      0.0
    ],