{
  "num_episodes": 150,
  "num_agents": 1,
  "max_steps": 50,
  "episode_rewards": [
    823.8264389803123,
    665.9737152847154,
    619.8311517090955,
    652.7027243522917,
    558.3206296526683,
    828.5768353693103,
    718.0483458893164,
    754.0467666308239,
    755.8768369874417,
    665.7250158751281,
    767.8370974751541,
    706.5790142143028,
    609.1363122333037,
    576.608216150908,
    556.4802613842782,
    759.5335473820542,
    521.6282050586666,
    430.29469205472924,
    679.7366516708926,
    742.9527512182973,
    707.5984184445257,
    717.8653324536972,
    544.0543238113781,
    674.612182090823,
    539.2280000433301,
    814.7491792255361,
    527.3999848868145,
    781.1402375968834,
    731.7027596547192,
    766.5764961081644,
    768.9686226238864,
    675.3588558482226,
    758.7892910347019,
    812.3638576429635,
    662.9954814771278,
    815.5752604327004,
    748.6598948738349,
    847.7846471694191,
    639.6404959277103,
    838.2917753297796,
    821.0102337379731,
    779.7450445731088,
    834.032970214655,
    769.5789526979509,
    591.6963119190655,
    780.3472727303814,
    644.7780723314721,
    837.9139233964795,
    706.2222875748445,
    663.0540155554605,
    886.0989491467919,
    832.2943191631723,
    770.3374383256393,
    605.5738704954161,
    865.674214375451,
    837.446836330879,
    777.0567088059937,
    736.4545943769307,
    889.8787898448984,
    813.7579361129966,
    785.0650163034309,
    749.0770538002344,
    755.6480738076467,
    729.7506983263936,
    760.3061077432783,
    786.9675500767139,
    885.0494053096423,
    701.0416722661681,
    749.064060698254,
    730.4469897049652,
    849.8906088337212,
    722.149902086762,
    776.5940364297136,
    848.9129871377382,
    732.1392563736352,
    813.7915293599298,
    865.9238820354899,
    717.5030572905674,
    670.9592401542832,
    807.5500752883794,
    828.2718535187201,
    756.4822391743969,
    808.0835787641431,
    790.7939782950366,
    837.4236586943147,
    790.2010216380208,
    810.3756880245617,
    817.8895644900222,
    795.7156277331986,
    753.2140477423446,
    688.2111195494548,
    754.0486829973673,
    723.8412693044447,
    785.5478303240694,
    864.5068033366897,
    727.3069014073005,
    745.1606203017658,
    851.8454912136147,
    805.0996054208882,
    587.124371170707,
    611.5265681832129,
    815.9907963708606,
    776.9914846930287,
    896.706173937569,
    592.145561889225,
    701.0522209795784,
    749.2063724497175,
    838.7886939507997,
    840.7758646839734,
    863.5756215877028,
    786.8335767594582,
    781.2557807923756,
    744.3556425129383,
    854.6233422292385,
    777.9896784445912,
    857.4677909692423,
    706.1948946630738,
    868.6724679079215,
    685.7448653865476,
    650.5941508728737,
    777.1392155544029,
    772.0422210994258,
    764.8702493571429,
    699.8383149525683,
    809.0774405221543,
    723.7985443491764,
    844.386747107369,
    865.4994978358146,
    657.9020872244279,
    828.8940106057153,
    815.0014358623148,
    623.4587436268533,
    829.5825024350611,
    705.5546258601357,
    802.3215727276539,
    806.5795909617602,
    712.5210724847664,
    765.2633904416322,
    779.9589076438547,
    883.8285132288412,
    697.1748121220729,
    838.9505066476845,
    743.92085366777,
    830.3156510314179,
    784.8424712589624,
    857.9365339850876,
    766.0327669283289,
    732.7020178466863,
    709.954665739292,
    587.9699270174856
  ],
  "episode_losses": [
    0.06812066660448729,
    0.0817316853196762,
    0.08666327259041111,
    0.08316658114799386,
    0.0965281235156609,
    0.06956812622889477,
    0.07631403527439376,
    0.07020634635686311,
    0.07255791340550544,
    0.07770417668079854,
    0.0722738638044521,
    0.07624278040153878,
    0.08996214218799921,
    0.09300186012008929,
    0.09565198810526197,
    0.07327095599908003,
    0.10055891569768625,
    0.11671355847210403,
    0.07780302847983787,
    0.07378063859477595,
    0.07521005815897647,
    0.07391629250206797,
    0.09528446890040414,
    0.07945029597821274,
    0.10052590883014728,
    0.06693556481725646,
    0.0967450309082452,
    0.07025810333133388,
    0.07428853753597701,
    0.07286686628799842,
    0.07120326772451634,
    0.07961754370226345,
    0.07050089759139386,
    0.06774094848801387,
    0.07927117711106905,
    0.06797510883121549,
    0.07358493976193473,
    0.06500345193892114,
    0.07971931935232925,
    0.06437088789995689,
    0.06623849983300176,
    0.07070499899137374,
    0.0658867578575331,
    0.07096610854203118,
    0.08801042188417858,
    0.07026743987946904,
    0.08417510877134728,
    0.06386201906230704,
    0.0791674301854018,
    0.08418604469996653,
    0.06327813856694033,
    0.06860310852410222,
    0.0718384536088864,
    0.08709346127319245,
    0.06327581109597319,
    0.06779257675328408,
    0.07084661088480168,
    0.07374983502533992,
    0.06505659555969914,
    0.06752662429188966,
    0.06990566894590726,
    0.07167043089606227,
    0.07292060639521637,
    0.07318211401645289,
    0.0715964539745846,
    0.07022997259225622,
    0.061433380590820666,
    0.07710211869821863,
    0.07579615248728824,
    0.0746369073861766,
    0.0642684842294291,
    0.07552666721961249,
    0.07117299865793038,
    0.063406864028484,
    0.07710647998116109,
    0.068735298967395,
    0.06361511110530949,
    0.07361086725082347,
    0.08650787740197453,
    0.06614931248254613,
    0.06471962938222789,
    0.06973221076104534,
    0.06793221317140304,
    0.07007569484845243,
    0.06736321101059238,
    0.07243077985301255,
    0.06659415336740163,
    0.06671918327140697,
    0.0680050815809024,
    0.07174224397751618,
    0.07630490270224445,
    0.07205154315244766,
    0.07288060795313382,
    0.06998409653618932,
    0.0634279851869494,
    0.07240598974174987,
    0.070755958451465,
    0.06414020758310338,
    0.07082594086742013,
    0.08757330383676312,
    0.08327833137281909,
    0.0667755695856513,
    0.07214872483683102,
    0.06259367211382257,
    0.09248361912928836,
    0.07657434912308524,
    0.07303745627448485,
    0.06545915327235918,
    0.06620833900172685,
    0.06577353763233083,
    0.0713653195101471,
    0.06936752805809468,
    0.07243486233949296,
    0.0650423586449334,
    0.07065764207674188,
    0.06478719985391353,
    0.07810990068439047,
    0.06458864812781155,
    0.07817967810361838,
    0.08076008970967065,
    0.07109527402085619,
    0.0700049533857414,
    0.0710573266506596,
    0.07745247785074662,
    0.06762956976643927,
    0.07201814992113224,
    0.06537299380527813,
    0.0632895645624671,
    0.0815033630776585,
    0.06716897983374809,
    0.06545105478113143,
    0.08638588431203535,
    0.06568900358485329,
    0.07556137987148222,
    0.06795472515707474,
    0.06841237677704375,
    0.07438824477656347,
    0.07016542990633658,
    0.06905282389772442,
    0.06179668949014069,
    0.0803996750507054,
    0.06478548039856098,
    0.07064157340480672,
    0.06531146912882323,
    0.07039088603611138,
    0.06420977395926675,
    0.07178373069289071,
    0.07240850898998566,
    0.07885383541521064,
    0.0893144457921892
  ],